quantity_available,manufacturer,unit_price,product_status,product_url,standard_pricing,manufacturer_product_number,datasheet_url,Memory Type,Memory Format,Technology,Memory Size,Memory Organization,Memory Interface,Clock Frequency,"Write Cycle Time - Word, Page",Access Time,Voltage - Supply,Package / Case
13350,"ISSI, Integrated Silicon Solution Inc",$0.35,Active,https://www.digikey.com/en/products/detail/issi-integrated-silicon-solution-inc/IS25LP040E-JNLE-TR/15766951,3000 pieces in Tape & Reel (TR) for $0.2815 each | 6000 pieces in Tape & Reel (TR) for $0.2746 each | 9000 pieces in Tape & Reel (TR) for $0.2706 each | 15000 pieces in Tape & Reel (TR) for $0.26559 each | 21000 pieces in Tape & Reel (TR) for $0.26233 each | 30000 pieces in Tape & Reel (TR) for $0.25889 each | 1 pieces in Cut Tape (CT) for $0.35 each | 10 pieces in Cut Tape (CT) for $0.328 each | 25 pieces in Cut Tape (CT) for $0.3196 each | 50 pieces in Cut Tape (CT) for $0.313 each | 100 pieces in Cut Tape (CT) for $0.3064 each | 250 pieces in Cut Tape (CT) for $0.29756 each | 500 pieces in Cut Tape (CT) for $0.29078 each | 1000 pieces in Cut Tape (CT) for $0.28401 each | 1 pieces in Digi-Reel® for $0.35 each | 10 pieces in Digi-Reel® for $0.328 each | 25 pieces in Digi-Reel® for $0.3196 each | 50 pieces in Digi-Reel® for $0.313 each | 100 pieces in Digi-Reel® for $0.3064 each | 250 pieces in Digi-Reel® for $0.29756 each | 500 pieces in Digi-Reel® for $0.29078 each | 1000 pieces in Digi-Reel® for $0.28401 each |,IS25LP040E-JNLE-TR,https://www.issi.com/WW/pdf/25LP-WP040E-020E-010E-512E-025E.pdf,Non-Volatile,FLASH,FLASH - NOR,4Mbit,512K x 8,"SPI - Quad I/O, QPI, DTR",104 MHz,1.2ms,8 ns,2.3V ~ 3.6V,"8-SOIC (0.154"", 3.90mm Width)"
2738,"ISSI, Integrated Silicon Solution Inc",$0.36,Active,https://www.digikey.com/en/products/detail/issi-integrated-silicon-solution-inc/IS25LP010E-JNLE/15766950,1 pieces in Tube for $0.36 each | 10 pieces in Tube for $0.338 each | 25 pieces in Tube for $0.3292 each | 50 pieces in Tube for $0.3224 each | 100 pieces in Tube for $0.3156 each | 300 pieces in Tube for $0.30463 each | 500 pieces in Tube for $0.2995 each | 1000 pieces in Tube for $0.29253 each | 5000 pieces in Tube for $0.27641 each |,IS25LP010E-JNLE,https://www.issi.com/WW/pdf/25LP-WP040E-020E-010E-512E-025E.pdf,Non-Volatile,FLASH,FLASH - NOR,1Mbit,128K x 8,"SPI - Quad I/O, QPI, DTR",104 MHz,1.2ms,8 ns,2.3V ~ 3.6V,"8-SOIC (0.154"", 3.90mm Width)"
4265,Renesas Electronics Corporation,$0.37,Active,https://www.digikey.com/en/products/detail/renesas-electronics-corporation/AT25SF041B-SSHD-T/12702140,4000 pieces in Tape & Reel (TR) for $0.29434 each | 8000 pieces in Tape & Reel (TR) for $0.28706 each | 12000 pieces in Tape & Reel (TR) for $0.28285 each | 20000 pieces in Tape & Reel (TR) for $0.27759 each | 28000 pieces in Tape & Reel (TR) for $0.27416 each | 1 pieces in Cut Tape (CT) for $0.37 each | 10 pieces in Cut Tape (CT) for $0.347 each | 25 pieces in Cut Tape (CT) for $0.3376 each | 50 pieces in Cut Tape (CT) for $0.3308 each | 100 pieces in Cut Tape (CT) for $0.3238 each | 250 pieces in Cut Tape (CT) for $0.31436 each | 500 pieces in Cut Tape (CT) for $0.30722 each | 1000 pieces in Cut Tape (CT) for $0.30004 each | 1 pieces in Digi-Reel® for $0.37 each | 10 pieces in Digi-Reel® for $0.347 each | 25 pieces in Digi-Reel® for $0.3376 each | 50 pieces in Digi-Reel® for $0.3308 each | 100 pieces in Digi-Reel® for $0.3238 each | 250 pieces in Digi-Reel® for $0.31436 each | 500 pieces in Digi-Reel® for $0.30722 each | 1000 pieces in Digi-Reel® for $0.30004 each |,AT25SF041B-SSHD-T,https://www.renesas.com/us/en/document/dst/at25sf041b-datasheet?r=1608766,Non-Volatile,FLASH,FLASH - NOR,4Mbit,512K x 8,SPI - Quad I/O,108 MHz,"50µs, 2.4ms",,2.5V ~ 3.6V,"8-SOIC (0.154"", 3.90mm Width)"
239543,Winbond Electronics,$0.38,Active,https://www.digikey.com/en/products/detail/winbond-electronics/W25X40CLSNIG/3008652,1 pieces in Tube for $0.38 each | 10 pieces in Tube for $0.358 each | 25 pieces in Tube for $0.3484 each | 50 pieces in Tube for $0.3412 each | 100 pieces in Tube for $0.3339 each | 300 pieces in Tube for $0.3222 each | 500 pieces in Tube for $0.3167 each | 1000 pieces in Tube for $0.30925 each | 5000 pieces in Tube for $0.29209 each |,W25X40CLSNIG,https://www.winbond.com/resource-files/w25x40cl_f%2020140325.pdf?utm_source=Datasheets&utm_medium=Part-details&utm_campaign=DS_Referrals&utm_content=Datasheet_Button&utm_term=W25X40CLUXIG%20TR,Non-Volatile,FLASH,FLASH,4Mbit,512K x 8,SPI,104 MHz,800µs,,2.3V ~ 3.6V,"8-SOIC (0.154"", 3.90mm Width)"
129217,Macronix,$0.38,Not For New Designs,https://www.digikey.com/en/products/detail/macronix/MX25V4006EM1I-13G/2744798,1 pieces in Tube for $0.38 each | 10 pieces in Tube for $0.358 each | 25 pieces in Tube for $0.3484 each | 98 pieces in Tube for $0.33418 each | 196 pieces in Tube for $0.32673 each | 294 pieces in Tube for $0.32241 each | 588 pieces in Tube for $0.31497 each | 1078 pieces in Tube for $0.30845 each | 5096 pieces in Tube for $0.29189 each |,MX25V4006EM1I-13G,//mm.digikey.com/Volume0/opasdata/d220001/medias/docus/976/MX25V4006E.pdf,Non-Volatile,FLASH,FLASH - NOR,4Mbit,512K x 8,SPI,75 MHz,"50µs, 1ms",,2.35V ~ 3.6V,"8-SOIC (0.154"", 3.90mm Width)"
18568,Renesas Electronics Corporation,$0.38,Active,https://www.digikey.com/en/products/detail/renesas-electronics-corporation/AT25SF041B-SSHB-T/12180769,4000 pieces in Tape & Reel (TR) for $0.30617 each | 8000 pieces in Tape & Reel (TR) for $0.2986 each | 12000 pieces in Tape & Reel (TR) for $0.29421 each | 20000 pieces in Tape & Reel (TR) for $0.28874 each | 28000 pieces in Tape & Reel (TR) for $0.28517 each | 1 pieces in Cut Tape (CT) for $0.38 each | 10 pieces in Cut Tape (CT) for $0.361 each | 25 pieces in Cut Tape (CT) for $0.3516 each | 50 pieces in Cut Tape (CT) for $0.3442 each | 100 pieces in Cut Tape (CT) for $0.3369 each | 250 pieces in Cut Tape (CT) for $0.32704 each | 500 pieces in Cut Tape (CT) for $0.3196 each | 1000 pieces in Cut Tape (CT) for $0.31212 each | 1 pieces in Digi-Reel® for $0.38 each | 10 pieces in Digi-Reel® for $0.361 each | 25 pieces in Digi-Reel® for $0.3516 each | 50 pieces in Digi-Reel® for $0.3442 each | 100 pieces in Digi-Reel® for $0.3369 each | 250 pieces in Digi-Reel® for $0.32704 each | 500 pieces in Digi-Reel® for $0.3196 each | 1000 pieces in Digi-Reel® for $0.31212 each |,AT25SF041B-SSHB-T,https://www.renesas.com/us/en/document/dst/at25sf041b-datasheet?r=1608766,Non-Volatile,FLASH,FLASH - NOR,4Mbit,512K x 8,SPI - Quad I/O,108 MHz,"50µs, 2.4ms",,2.7V ~ 3.6V,"8-SOIC (0.154"", 3.90mm Width)"
25363,Renesas Electronics Corporation,$0.41,Active,https://www.digikey.com/en/products/detail/renesas-electronics-corporation/AT25SF081B-SSHB-T/12180765,4000 pieces in Tape & Reel (TR) for $0.32564 each | 8000 pieces in Tape & Reel (TR) for $0.31757 each | 12000 pieces in Tape & Reel (TR) for $0.3129 each | 20000 pieces in Tape & Reel (TR) for $0.30707 each | 28000 pieces in Tape & Reel (TR) for $0.30327 each | 1 pieces in Cut Tape (CT) for $0.41 each | 10 pieces in Cut Tape (CT) for $0.384 each | 25 pieces in Cut Tape (CT) for $0.374 each | 50 pieces in Cut Tape (CT) for $0.3662 each | 100 pieces in Cut Tape (CT) for $0.3584 each | 250 pieces in Cut Tape (CT) for $0.34792 each | 500 pieces in Cut Tape (CT) for $0.33996 each | 1000 pieces in Cut Tape (CT) for $0.332 each | 1 pieces in Digi-Reel® for $0.41 each | 10 pieces in Digi-Reel® for $0.384 each | 25 pieces in Digi-Reel® for $0.374 each | 50 pieces in Digi-Reel® for $0.3662 each | 100 pieces in Digi-Reel® for $0.3584 each | 250 pieces in Digi-Reel® for $0.34792 each | 500 pieces in Digi-Reel® for $0.33996 each | 1000 pieces in Digi-Reel® for $0.332 each |,AT25SF081B-SSHB-T,https://www.renesas.com/us/en/document/dst/at25sf081b-datasheet,Non-Volatile,FLASH,FLASH - NOR,8Mbit,1M x 8,SPI - Quad I/O,108 MHz,"50µs, 2.4ms",,2.7V ~ 3.6V,"8-SOIC (0.154"", 3.90mm Width)"
35866,Winbond Electronics,$0.42,Active,https://www.digikey.com/en/products/detail/winbond-electronics/W25X20CLSNIG/3008613,1 pieces in Tube for $0.42 each | 10 pieces in Tube for $0.396 each | 25 pieces in Tube for $0.3852 each | 50 pieces in Tube for $0.3772 each | 100 pieces in Tube for $0.3691 each | 300 pieces in Tube for $0.3562 each | 500 pieces in Tube for $0.35016 each | 1000 pieces in Tube for $0.34196 each | 5000 pieces in Tube for $0.32303 each |,W25X20CLSNIG,//mm.digikey.com/Volume0/opasdata/d220001/medias/docus/7161/w25x20cl.pdf,Non-Volatile,FLASH,FLASH,2Mbit,256K x 8,SPI,104 MHz,800µs,,2.3V ~ 3.6V,"8-SOIC (0.154"", 3.90mm Width)"
9514,Amphenol ICC (FCI),$0.42,Active,https://www.digikey.com/en/products/detail/amphenol-cs-fci/10018784-10200TLF/1002340,1 pieces in Tray for $0.42 each | 10 pieces in Tray for $0.357 each | 25 pieces in Tray for $0.334 each | 50 pieces in Tray for $0.3182 each | 100 pieces in Tray for $0.3029 each | 250 pieces in Tray for $0.28388 each | 500 pieces in Tray for $0.2703 each | 2100 pieces in Tray for $0.24425 each | 4200 pieces in Tray for $0.23259 each |,10018784-10200TLF,https://www.waldom.com/upload/parts/datasheets/mf-fci/fci-10018784-10200tlf.pdf,,,,,,,,,,,
19159,Macronix,$0.44,Active,https://www.digikey.com/en/products/detail/macronix/MX25R2035FZUIL0/5957727,12000 pieces in Tape & Reel (TR) for $0.33834 each | 24000 pieces in Tape & Reel (TR) for $0.3298 each | 1 pieces in Cut Tape (CT) for $0.44 each | 10 pieces in Cut Tape (CT) for $0.416 each | 25 pieces in Cut Tape (CT) for $0.4048 each | 50 pieces in Cut Tape (CT) for $0.3962 each | 100 pieces in Cut Tape (CT) for $0.3877 each | 250 pieces in Cut Tape (CT) for $0.37636 each | 500 pieces in Cut Tape (CT) for $0.3677 each | 1000 pieces in Cut Tape (CT) for $0.35906 each | 5000 pieces in Cut Tape (CT) for $0.33914 each | 1 pieces in Digi-Reel® for $0.44 each | 10 pieces in Digi-Reel® for $0.416 each | 25 pieces in Digi-Reel® for $0.4048 each | 50 pieces in Digi-Reel® for $0.3962 each | 100 pieces in Digi-Reel® for $0.3877 each | 250 pieces in Digi-Reel® for $0.37636 each | 500 pieces in Digi-Reel® for $0.3677 each | 1000 pieces in Digi-Reel® for $0.35906 each | 5000 pieces in Digi-Reel® for $0.33914 each |,MX25R2035FZUIL0,"https://www.macronix.com/Lists/Datasheet/Attachments/8696/MX25R2035F,%20Wide%20Range,%202Mb,%20v1.6.pdf",Non-Volatile,FLASH,FLASH - NOR,2Mbit,256K x 8,SPI - Quad I/O,33 MHz,"100µs, 10ms",,1.65V ~ 3.6V,8-UFDFN Exposed Pad
310808,Winbond Electronics,$0.46,Active,https://www.digikey.com/en/products/detail/winbond-electronics/W25Q80DVSSIG/4836572,1 pieces in Tube for $0.46 each | 10 pieces in Tube for $0.436 each | 25 pieces in Tube for $0.4248 each | 90 pieces in Tube for $0.40811 each | 180 pieces in Tube for $0.39906 each | 270 pieces in Tube for $0.39374 each | 540 pieces in Tube for $0.38459 each | 1080 pieces in Tube for $0.37545 each | 5040 pieces in Tube for $0.35535 each |,W25Q80DVSSIG,https://www.winbond.com/resource-files/w25q80dv%20dl_revh_10022015.pdf,Non-Volatile,FLASH,FLASH - NOR,8Mbit,1M x 8,SPI - Quad I/O,104 MHz,3ms,,2.7V ~ 3.6V,"8-SOIC (0.209"", 5.30mm Width)"
172841,Winbond Electronics,$0.46,Active,https://www.digikey.com/en/products/detail/winbond-electronics/W25Q16JVSSIQ/6193769,1 pieces in Tube for $0.46 each | 10 pieces in Tube for $0.436 each | 25 pieces in Tube for $0.4248 each | 90 pieces in Tube for $0.40811 each | 180 pieces in Tube for $0.39906 each | 270 pieces in Tube for $0.39374 each | 540 pieces in Tube for $0.38459 each | 1080 pieces in Tube for $0.37545 each | 5040 pieces in Tube for $0.35535 each |,W25Q16JVSSIQ,https://www.winbond.com/resource-files/w25q16jv%20spi%20revg%2003222018%20plus.pdf,Non-Volatile,FLASH,FLASH - NOR,16Mbit,2M x 8,SPI - Quad I/O,133 MHz,3ms,,2.7V ~ 3.6V,"8-SOIC (0.209"", 5.30mm Width)"
22131,Winbond Electronics,$0.47,Active,https://www.digikey.com/en/products/detail/winbond-electronics/W25X40CLUXIG-TR/5155064,4000 pieces in Tape & Reel (TR) for $0.41879 each | 8000 pieces in Tape & Reel (TR) for $0.40836 each | 12000 pieces in Tape & Reel (TR) for $0.40232 each | 20000 pieces in Tape & Reel (TR) for $0.3948 each | 1 pieces in Cut Tape (CT) for $0.53 each | 10 pieces in Cut Tape (CT) for $0.495 each | 25 pieces in Cut Tape (CT) for $0.482 each | 50 pieces in Cut Tape (CT) for $0.4718 each | 100 pieces in Cut Tape (CT) for $0.4615 each | 250 pieces in Cut Tape (CT) for $0.44784 each | 500 pieces in Cut Tape (CT) for $0.43748 each | 1000 pieces in Cut Tape (CT) for $0.42714 each | 1 pieces in Digi-Reel® for $0.47 each | 10 pieces in Digi-Reel® for $0.44 each | 25 pieces in Digi-Reel® for $0.428 each | 50 pieces in Digi-Reel® for $0.4192 each | 100 pieces in Digi-Reel® for $0.4101 each | 250 pieces in Digi-Reel® for $0.398 each | 500 pieces in Digi-Reel® for $0.38886 each | 1000 pieces in Digi-Reel® for $0.3797 each |,W25X40CLUXIG TR,https://www.winbond.com/resource-files/w25x40cl_f%2020140325.pdf?utm_source=Datasheets&utm_medium=Part-details&utm_campaign=DS_Referrals&utm_content=Datasheet_Button&utm_term=W25X40CLUXIG%20TR,Non-Volatile,FLASH,FLASH,4Mbit,512K x 8,SPI,104 MHz,800µs,,2.3V ~ 3.6V,8-UFDFN Exposed Pad
95138,Macronix,$0.48,Not For New Designs,https://www.digikey.com/en/products/detail/macronix/MX25L3233FM2I-08Q/7402342,1 pieces in Tube for $0.48 each | 10 pieces in Tube for $0.452 each | 25 pieces in Tube for $0.44 each | 92 pieces in Tube for $0.42239 each | 184 pieces in Tube for $0.41299 each | 276 pieces in Tube for $0.40743 each | 552 pieces in Tube for $0.39795 each | 1012 pieces in Tube for $0.38967 each | 5060 pieces in Tube for $0.3679 each |,MX25L3233FM2I-08Q,"https://www.macronix.com/Lists/Datasheet/Attachments/8933/MX25L3233F,%203V,%2032Mb,%20v1.7.pdf",Non-Volatile,FLASH,FLASH - NOR,32Mbit,8M x 4,SPI - Quad I/O,133 MHz,"50µs, 1.2ms",,2.65V ~ 3.6V,"8-SOIC (0.209"", 5.30mm Width)"
28534,Macronix,$0.48,Active,https://www.digikey.com/en/products/detail/macronix/MX25R4035FZUIL0/5957726,12000 pieces in Tape & Reel (TR) for $0.36518 each | 24000 pieces in Tape & Reel (TR) for $0.35595 each | 1 pieces in Cut Tape (CT) for $0.48 each | 10 pieces in Cut Tape (CT) for $0.449 each | 25 pieces in Cut Tape (CT) for $0.4372 each | 50 pieces in Cut Tape (CT) for $0.4278 each | 100 pieces in Cut Tape (CT) for $0.4187 each | 250 pieces in Cut Tape (CT) for $0.40632 each | 500 pieces in Cut Tape (CT) for $0.39698 each | 1000 pieces in Cut Tape (CT) for $0.38762 each | 5000 pieces in Cut Tape (CT) for $0.36606 each | 1 pieces in Digi-Reel® for $0.48 each | 10 pieces in Digi-Reel® for $0.449 each | 25 pieces in Digi-Reel® for $0.4372 each | 50 pieces in Digi-Reel® for $0.4278 each | 100 pieces in Digi-Reel® for $0.4187 each | 250 pieces in Digi-Reel® for $0.40632 each | 500 pieces in Digi-Reel® for $0.39698 each | 1000 pieces in Digi-Reel® for $0.38762 each | 5000 pieces in Digi-Reel® for $0.36606 each |,MX25R4035FZUIL0,"https://www.macronix.com/Lists/Datasheet/Attachments/8671/MX25R4035F,%20Wide%20Range,%204Mb,%20v1.4.pdf",Non-Volatile,FLASH,FLASH - NOR,4Mbit,512K x 8,SPI - Quad I/O,33 MHz,"100µs, 10ms",,1.65V ~ 3.6V,8-UFDFN Exposed Pad
14170,Renesas Electronics Corporation,$0.49,Active,https://www.digikey.com/en/products/detail/renesas-electronics-corporation/AT25DN011-SSHF-T/4702539,4000 pieces in Tape & Reel (TR) for $0.38785 each | 8000 pieces in Tape & Reel (TR) for $0.3782 each | 12000 pieces in Tape & Reel (TR) for $0.37262 each | 20000 pieces in Tape & Reel (TR) for $0.36566 each | 1 pieces in Cut Tape (CT) for $0.49 each | 10 pieces in Cut Tape (CT) for $0.458 each | 25 pieces in Cut Tape (CT) for $0.446 each | 50 pieces in Cut Tape (CT) for $0.4366 each | 100 pieces in Cut Tape (CT) for $0.4272 each | 250 pieces in Cut Tape (CT) for $0.41464 each | 500 pieces in Cut Tape (CT) for $0.4051 each | 1000 pieces in Cut Tape (CT) for $0.39554 each | 1 pieces in Digi-Reel® for $0.49 each | 10 pieces in Digi-Reel® for $0.458 each | 25 pieces in Digi-Reel® for $0.446 each | 50 pieces in Digi-Reel® for $0.4366 each | 100 pieces in Digi-Reel® for $0.4272 each | 250 pieces in Digi-Reel® for $0.41464 each | 500 pieces in Digi-Reel® for $0.4051 each | 1000 pieces in Digi-Reel® for $0.39554 each |,AT25DN011-SSHF-T,https://www.renesas.com/us/en/document/dst/at25dn011-datasheet?language=en,Non-Volatile,FLASH,FLASH,1Mbit,128K x 8,SPI,104 MHz,"8µs, 1.75ms",,2.3V ~ 3.6V,"8-SOIC (0.154"", 3.90mm Width)"
19459,Macronix,$0.5,Active,https://www.digikey.com/en/products/detail/macronix/MX25V8035FZUI/5957729,3000 pieces in Tape & Reel (TR) for $0.4044 each | 6000 pieces in Tape & Reel (TR) for $0.3944 each | 9000 pieces in Tape & Reel (TR) for $0.3886 each | 15000 pieces in Tape & Reel (TR) for $0.38136 each | 21000 pieces in Tape & Reel (TR) for $0.37665 each | 1 pieces in Cut Tape (CT) for $0.5 each | 10 pieces in Cut Tape (CT) for $0.473 each | 25 pieces in Cut Tape (CT) for $0.4604 each | 50 pieces in Cut Tape (CT) for $0.4508 each | 100 pieces in Cut Tape (CT) for $0.4409 each | 250 pieces in Cut Tape (CT) for $0.42796 each | 500 pieces in Cut Tape (CT) for $0.41806 each | 1000 pieces in Cut Tape (CT) for $0.40819 each | 1 pieces in Digi-Reel® for $0.5 each | 10 pieces in Digi-Reel® for $0.473 each | 25 pieces in Digi-Reel® for $0.4604 each | 50 pieces in Digi-Reel® for $0.4508 each | 100 pieces in Digi-Reel® for $0.4409 each | 250 pieces in Digi-Reel® for $0.42796 each | 500 pieces in Digi-Reel® for $0.41806 each | 1000 pieces in Digi-Reel® for $0.40819 each |,MX25V8035FZUI,//mm.digikey.com/Volume0/opasdata/d220001/medias/docus/887/MX25V8035F.pdf,Non-Volatile,FLASH,FLASH - NOR,8Mbit,"2M x 4, 4M x 2, 8M x 1",SPI,104 MHz,"100µs, 4ms",,2.3V ~ 3.6V,8-UFDFN Exposed Pad
60643,Macronix,$0.51,Not For New Designs,https://www.digikey.com/en/products/detail/macronix/MX25R1635FM1IL0/5957738,1 pieces in Tube for $0.51 each | 10 pieces in Tube for $0.483 each | 25 pieces in Tube for $0.4704 each | 98 pieces in Tube for $0.45051 each | 196 pieces in Tube for $0.44041 each | 294 pieces in Tube for $0.43446 each | 588 pieces in Tube for $0.4243 each | 1078 pieces in Tube for $0.41544 each | 5096 pieces in Tube for $0.39295 each |,MX25R1635FM1IL0,"https://www.macronix.com/Lists/Datasheet/Attachments/8702/MX25R1635F,%20Wide%20Range,%2016Mb,%20v1.6.pdf",Non-Volatile,FLASH,FLASH - NOR,16Mbit,2M x 8,SPI - Quad I/O,33 MHz,"100µs, 10ms",,1.65V ~ 3.6V,"8-SOIC (0.154"", 3.90mm Width)"
46119,Macronix,$0.53,Active,https://www.digikey.com/en/products/detail/macronix/MX25V1635FZUI/10059492,12000 pieces in Tape & Reel (TR) for $0.40232 each | 24000 pieces in Tape & Reel (TR) for $0.39214 each | 1 pieces in Cut Tape (CT) for $0.53 each | 10 pieces in Cut Tape (CT) for $0.495 each | 25 pieces in Cut Tape (CT) for $0.482 each | 50 pieces in Cut Tape (CT) for $0.4718 each | 100 pieces in Cut Tape (CT) for $0.4615 each | 250 pieces in Cut Tape (CT) for $0.44784 each | 500 pieces in Cut Tape (CT) for $0.43748 each | 1000 pieces in Cut Tape (CT) for $0.42714 each | 5000 pieces in Cut Tape (CT) for $0.40331 each | 1 pieces in Digi-Reel® for $0.53 each | 10 pieces in Digi-Reel® for $0.495 each | 25 pieces in Digi-Reel® for $0.482 each | 50 pieces in Digi-Reel® for $0.4718 each | 100 pieces in Digi-Reel® for $0.4615 each | 250 pieces in Digi-Reel® for $0.44784 each | 500 pieces in Digi-Reel® for $0.43748 each | 1000 pieces in Digi-Reel® for $0.42714 each | 5000 pieces in Digi-Reel® for $0.40331 each |,MX25V1635FZUI,//mm.digikey.com/Volume0/opasdata/d220001/medias/docus/5731/MX25V1635F_Rev1.4_9-13-16.pdf,Non-Volatile,FLASH,FLASH - NOR,16Mbit,2M x 8,SPI - Quad I/O,80 MHz,"100µs, 4ms",,2.3V ~ 3.6V,8-UFDFN Exposed Pad
20187,Renesas Electronics Corporation,$0.53,Active,https://www.digikey.com/en/products/detail/renesas-electronics-corporation/AT25SF161B-SSHD-T/14549318,4000 pieces in Tape & Reel (TR) for $0.41879 each | 8000 pieces in Tape & Reel (TR) for $0.40836 each | 12000 pieces in Tape & Reel (TR) for $0.40232 each | 20000 pieces in Tape & Reel (TR) for $0.3948 each | 1 pieces in Cut Tape (CT) for $0.53 each | 10 pieces in Cut Tape (CT) for $0.495 each | 25 pieces in Cut Tape (CT) for $0.482 each | 50 pieces in Cut Tape (CT) for $0.4718 each | 100 pieces in Cut Tape (CT) for $0.4615 each | 250 pieces in Cut Tape (CT) for $0.44784 each | 500 pieces in Cut Tape (CT) for $0.43748 each | 1000 pieces in Cut Tape (CT) for $0.42714 each | 1 pieces in Digi-Reel® for $0.53 each | 10 pieces in Digi-Reel® for $0.495 each | 25 pieces in Digi-Reel® for $0.482 each | 50 pieces in Digi-Reel® for $0.4718 each | 100 pieces in Digi-Reel® for $0.4615 each | 250 pieces in Digi-Reel® for $0.44784 each | 500 pieces in Digi-Reel® for $0.43748 each | 1000 pieces in Digi-Reel® for $0.42714 each |,AT25SF161B-SSHD-T,https://www.renesas.com/us/en/document/dst/at25sf161b-datasheet?language=en,Non-Volatile,FLASH,FLASH - NOR,16Mbit,2M x 8,SPI - Quad I/O,108 MHz,"50µs, 1.8ms",7 ns,2.5V ~ 3.6V,"8-SOIC (0.154"", 3.90mm Width)"
12503,Renesas Electronics Corporation,$0.53,Active,https://www.digikey.com/en/products/detail/renesas-electronics-corporation/AT25SF161B-SSHB-T/11617293,4000 pieces in Tape & Reel (TR) for $0.41879 each | 8000 pieces in Tape & Reel (TR) for $0.40836 each | 12000 pieces in Tape & Reel (TR) for $0.40232 each | 20000 pieces in Tape & Reel (TR) for $0.3948 each | 1 pieces in Cut Tape (CT) for $0.53 each | 10 pieces in Cut Tape (CT) for $0.495 each | 25 pieces in Cut Tape (CT) for $0.482 each | 50 pieces in Cut Tape (CT) for $0.4718 each | 100 pieces in Cut Tape (CT) for $0.4615 each | 250 pieces in Cut Tape (CT) for $0.44784 each | 500 pieces in Cut Tape (CT) for $0.43748 each | 1000 pieces in Cut Tape (CT) for $0.42714 each | 1 pieces in Digi-Reel® for $0.53 each | 10 pieces in Digi-Reel® for $0.495 each | 25 pieces in Digi-Reel® for $0.482 each | 50 pieces in Digi-Reel® for $0.4718 each | 100 pieces in Digi-Reel® for $0.4615 each | 250 pieces in Digi-Reel® for $0.44784 each | 500 pieces in Digi-Reel® for $0.43748 each | 1000 pieces in Digi-Reel® for $0.42714 each |,AT25SF161B-SSHB-T,https://www.renesas.com/us/en/document/dst/at25sf161b-datasheet?r=1608796,Non-Volatile,FLASH,FLASH - NOR,16Mbit,2M x 8,SPI - Quad I/O,108 MHz,"50µs, 2.4ms",,2.7V ~ 3.6V,"8-SOIC (0.154"", 3.90mm Width)"
3896,Winbond Electronics,$0.53,Active,https://www.digikey.com/en/products/detail/winbond-electronics/W25Q40CLSNIG-TR/5154946,2500 pieces in Tape & Reel (TR) for $0.42592 each | 5000 pieces in Tape & Reel (TR) for $0.41542 each | 7500 pieces in Tape & Reel (TR) for $0.40932 each | 12500 pieces in Tape & Reel (TR) for $0.40172 each | 17500 pieces in Tape & Reel (TR) for $0.39676 each | 25000 pieces in Tape & Reel (TR) for $0.39154 each | 1 pieces in Cut Tape (CT) for $0.53 each | 10 pieces in Cut Tape (CT) for $0.495 each | 25 pieces in Cut Tape (CT) for $0.482 each | 50 pieces in Cut Tape (CT) for $0.4718 each | 100 pieces in Cut Tape (CT) for $0.4615 each | 250 pieces in Cut Tape (CT) for $0.44784 each | 500 pieces in Cut Tape (CT) for $0.43748 each | 1000 pieces in Cut Tape (CT) for $0.42714 each | 1 pieces in Digi-Reel® for $0.53 each | 10 pieces in Digi-Reel® for $0.495 each | 25 pieces in Digi-Reel® for $0.482 each | 50 pieces in Digi-Reel® for $0.4718 each | 100 pieces in Digi-Reel® for $0.4615 each | 250 pieces in Digi-Reel® for $0.44784 each | 500 pieces in Digi-Reel® for $0.43748 each | 1000 pieces in Digi-Reel® for $0.42714 each |,W25Q40CLSNIG TR,https://www.winbond.com/resource-files/w25q40cl_e_07282017.pdf,Non-Volatile,FLASH,FLASH - NOR,4Mbit,512K x 8,SPI - Quad I/O,104 MHz,800µs,,2.3V ~ 3.6V,"8-SOIC (0.154"", 3.90mm Width)"
33863,Macronix,$0.54,Active,https://www.digikey.com/en/products/detail/macronix/MX25V1635FM1I/5957746,1 pieces in Tube for $0.54 each | 10 pieces in Tube for $0.51 each | 25 pieces in Tube for $0.4964 each | 98 pieces in Tube for $0.47561 each | 196 pieces in Tube for $0.465 each | 294 pieces in Tube for $0.45878 each | 588 pieces in Tube for $0.44811 each | 1078 pieces in Tube for $0.43879 each | 5096 pieces in Tube for $0.41513 each |,MX25V1635FM1I,//mm.digikey.com/Volume0/opasdata/d220001/medias/docus/5731/MX25V1635F_Rev1.4_9-13-16.pdf,Non-Volatile,FLASH,FLASH - NOR,16Mbit,2M x 8,SPI - Quad I/O,80 MHz,"100µs, 4ms",,2.3V ~ 3.6V,"8-SOIC (0.154"", 3.90mm Width)"
4705,Macronix,$0.54,Not For New Designs,https://www.digikey.com/en/products/detail/macronix/MX25L8006EM1I-12G/2744800,1 pieces in Tube for $0.54 each | 10 pieces in Tube for $0.51 each | 25 pieces in Tube for $0.4964 each | 98 pieces in Tube for $0.47561 each | 196 pieces in Tube for $0.465 each | 294 pieces in Tube for $0.45878 each | 588 pieces in Tube for $0.44811 each | 1078 pieces in Tube for $0.43879 each | 5096 pieces in Tube for $0.41513 each |,MX25L8006EM1I-12G,"https://www.macronix.com/Lists/Datasheet/Attachments/8680/MX25L8006E,%203V,%208Mb,%20v1.6.pdf",Non-Volatile,FLASH,FLASH - NOR,8Mbit,1M x 8,SPI,86 MHz,"50µs, 3ms",,2.7V ~ 3.6V,"8-SOIC (0.154"", 3.90mm Width)"
53350,Macronix,$0.55,Active,https://www.digikey.com/en/products/detail/macronix/MX25R8035FZUIL0/8572963,12000 pieces in Tape & Reel (TR) for $0.41861 each | 24000 pieces in Tape & Reel (TR) for $0.40802 each | 1 pieces in Cut Tape (CT) for $0.55 each | 10 pieces in Cut Tape (CT) for $0.515 each | 25 pieces in Cut Tape (CT) for $0.5016 each | 50 pieces in Cut Tape (CT) for $0.491 each | 100 pieces in Cut Tape (CT) for $0.4803 each | 250 pieces in Cut Tape (CT) for $0.46604 each | 500 pieces in Cut Tape (CT) for $0.45526 each | 1000 pieces in Cut Tape (CT) for $0.44447 each | 5000 pieces in Cut Tape (CT) for $0.41966 each | 1 pieces in Digi-Reel® for $0.55 each | 10 pieces in Digi-Reel® for $0.515 each | 25 pieces in Digi-Reel® for $0.5016 each | 50 pieces in Digi-Reel® for $0.491 each | 100 pieces in Digi-Reel® for $0.4803 each | 250 pieces in Digi-Reel® for $0.46604 each | 500 pieces in Digi-Reel® for $0.45526 each | 1000 pieces in Digi-Reel® for $0.44447 each | 5000 pieces in Digi-Reel® for $0.41966 each |,MX25R8035FZUIL0,"https://www.macronix.com/Lists/Datasheet/Attachments/8749/MX25R8035F,%20Wide%20Range,%208Mb,%20v1.6.pdf",Non-Volatile,FLASH,FLASH - NOR,8Mbit,1M x 8,SPI - Quad I/O,33 MHz,"100µs, 10ms",,1.65V ~ 3.6V,8-UFDFN Exposed Pad
50465,Macronix,$0.55,Active,https://www.digikey.com/en/products/detail/macronix/MX25R8035FZUIH1/5957725,12000 pieces in Tape & Reel (TR) for $0.41861 each | 24000 pieces in Tape & Reel (TR) for $0.40802 each | 1 pieces in Cut Tape (CT) for $0.55 each | 10 pieces in Cut Tape (CT) for $0.515 each | 25 pieces in Cut Tape (CT) for $0.5016 each | 50 pieces in Cut Tape (CT) for $0.491 each | 100 pieces in Cut Tape (CT) for $0.4803 each | 250 pieces in Cut Tape (CT) for $0.46604 each | 500 pieces in Cut Tape (CT) for $0.45526 each | 1000 pieces in Cut Tape (CT) for $0.44447 each | 5000 pieces in Cut Tape (CT) for $0.41966 each | 1 pieces in Digi-Reel® for $0.55 each | 10 pieces in Digi-Reel® for $0.515 each | 25 pieces in Digi-Reel® for $0.5016 each | 50 pieces in Digi-Reel® for $0.491 each | 100 pieces in Digi-Reel® for $0.4803 each | 250 pieces in Digi-Reel® for $0.46604 each | 500 pieces in Digi-Reel® for $0.45526 each | 1000 pieces in Digi-Reel® for $0.44447 each | 5000 pieces in Digi-Reel® for $0.41966 each |,MX25R8035FZUIH1,"https://www.macronix.com/Lists/Datasheet/Attachments/8749/MX25R8035F,%20Wide%20Range,%208Mb,%20v1.6.pdf",Non-Volatile,FLASH,FLASH - NOR,8Mbit,1M x 8,SPI - Quad I/O,108 MHz,"100µs, 4ms",,1.65V ~ 3.6V,8-UFDFN Exposed Pad
32019,Macronix,$0.55,Not For New Designs,https://www.digikey.com/en/products/detail/macronix/MX25L8006EM2I-12G/2744789,1 pieces in Tube for $0.55 each | 10 pieces in Tube for $0.519 each | 25 pieces in Tube for $0.5056 each | 92 pieces in Tube for $0.48543 each | 184 pieces in Tube for $0.47462 each | 276 pieces in Tube for $0.46826 each | 552 pieces in Tube for $0.45739 each | 1012 pieces in Tube for $0.44789 each | 5060 pieces in Tube for $0.42289 each |,MX25L8006EM2I-12G,"https://www.macronix.com/Lists/Datasheet/Attachments/8680/MX25L8006E,%203V,%208Mb,%20v1.6.pdf",Non-Volatile,FLASH,FLASH - NOR,8Mbit,1M x 8,SPI,86 MHz,"50µs, 3ms",,2.7V ~ 3.6V,"8-SOIC (0.209"", 5.30mm Width)"
54380,Winbond Electronics,$0.56,Active,https://www.digikey.com/en/products/detail/winbond-electronics/W25Q16JVSNIQ/6193768,1 pieces in Tube for $0.56 each | 10 pieces in Tube for $0.529 each | 25 pieces in Tube for $0.5148 each | 50 pieces in Tube for $0.5038 each | 100 pieces in Tube for $0.4929 each | 300 pieces in Tube for $0.47543 each | 500 pieces in Tube for $0.46726 each | 1000 pieces in Tube for $0.45619 each | 5000 pieces in Tube for $0.43072 each |,W25Q16JVSNIQ,//mm.digikey.com/Volume0/opasdata/d220001/medias/docus/6661/W25Q16JV.pdf,Non-Volatile,FLASH,FLASH - NOR,16Mbit,2M x 8,SPI - Quad I/O,133 MHz,3ms,,2.7V ~ 3.6V,"8-SOIC (0.154"", 3.90mm Width)"
33726,Macronix,$0.56,Not For New Designs,https://www.digikey.com/en/products/detail/macronix/MX25L4006EZUI-12G/4895582,12000 pieces in Tape & Reel (TR) for $0.42561 each | 24000 pieces in Tape & Reel (TR) for $0.41483 each | 1 pieces in Cut Tape (CT) for $0.56 each | 10 pieces in Cut Tape (CT) for $0.524 each | 25 pieces in Cut Tape (CT) for $0.51 each | 50 pieces in Cut Tape (CT) for $0.4992 each | 100 pieces in Cut Tape (CT) for $0.4884 each | 250 pieces in Cut Tape (CT) for $0.47388 each | 500 pieces in Cut Tape (CT) for $0.4629 each | 1000 pieces in Cut Tape (CT) for $0.45192 each | 5000 pieces in Cut Tape (CT) for $0.42668 each | 1 pieces in Digi-Reel® for $0.56 each | 10 pieces in Digi-Reel® for $0.524 each | 25 pieces in Digi-Reel® for $0.51 each | 50 pieces in Digi-Reel® for $0.4992 each | 100 pieces in Digi-Reel® for $0.4884 each | 250 pieces in Digi-Reel® for $0.47388 each | 500 pieces in Digi-Reel® for $0.4629 each | 1000 pieces in Digi-Reel® for $0.45192 each | 5000 pieces in Digi-Reel® for $0.42668 each |,MX25L4006EZUI-12G,//mm.digikey.com/Volume0/opasdata/d220001/medias/docus/5721/MX25L4006E_Rev1.7_1-8-19.pdf,Non-Volatile,FLASH,FLASH - NOR,4Mbit,512K x 8,SPI,86 MHz,"50µs, 3ms",,2.7V ~ 3.6V,8-UFDFN Exposed Pad
27244,Winbond Electronics,$0.56,Active,https://www.digikey.com/en/products/detail/winbond-electronics/W25Q80DVSNIG/4878496,1 pieces in Tube for $0.56 each | 10 pieces in Tube for $0.529 each | 25 pieces in Tube for $0.5148 each | 50 pieces in Tube for $0.5038 each | 100 pieces in Tube for $0.4929 each | 300 pieces in Tube for $0.47543 each | 500 pieces in Tube for $0.46726 each | 1000 pieces in Tube for $0.45619 each | 5000 pieces in Tube for $0.43072 each |,W25Q80DVSNIG,https://www.winbond.com/resource-files/w25q80dv%20dl_revh_10022015.pdf,Non-Volatile,FLASH,FLASH - NOR,8Mbit,1M x 8,SPI - Quad I/O,104 MHz,3ms,,2.7V ~ 3.6V,"8-SOIC (0.154"", 3.90mm Width)"
1834,Winbond Electronics,$0.56,Active,https://www.digikey.com/en/products/detail/winbond-electronics/W25Q16JVSNIM/15182003,1 pieces in Tube for $0.56 each | 10 pieces in Tube for $0.529 each | 25 pieces in Tube for $0.5148 each | 50 pieces in Tube for $0.5038 each | 100 pieces in Tube for $0.4929 each | 300 pieces in Tube for $0.47543 each | 500 pieces in Tube for $0.46726 each | 1000 pieces in Tube for $0.45619 each | 5000 pieces in Tube for $0.43072 each |,W25Q16JVSNIM,https://www.winbond.com/resource-files/w25q16jv_dtr%20reve%2002092018%20plus.pdf,Non-Volatile,FLASH,FLASH - NOR,16Mbit,2M x 8,"SPI - Quad I/O, QPI, DTR",133 MHz,3ms,6 ns,2.7V ~ 3.6V,"8-SOIC (0.154"", 3.90mm Width)"
372480,Winbond Electronics,$0.57,Active,https://www.digikey.com/en/products/detail/winbond-electronics/W25Q80DVUXIE-TR/5155060,4000 pieces in Tape & Reel (TR) for $0.44696 each | 8000 pieces in Tape & Reel (TR) for $0.43577 each | 12000 pieces in Tape & Reel (TR) for $0.4293 each | 20000 pieces in Tape & Reel (TR) for $0.425 each | 1 pieces in Cut Tape (CT) for $0.57 each | 10 pieces in Cut Tape (CT) for $0.532 each | 25 pieces in Cut Tape (CT) for $0.5176 each | 50 pieces in Cut Tape (CT) for $0.5066 each | 100 pieces in Cut Tape (CT) for $0.4956 each | 250 pieces in Cut Tape (CT) for $0.48092 each | 500 pieces in Cut Tape (CT) for $0.46978 each | 1000 pieces in Cut Tape (CT) for $0.45864 each | 1 pieces in Digi-Reel® for $0.68 each | 10 pieces in Digi-Reel® for $0.642 each | 25 pieces in Digi-Reel® for $0.6244 each | 50 pieces in Digi-Reel® for $0.611 each | 100 pieces in Digi-Reel® for $0.5975 each | 250 pieces in Digi-Reel® for $0.57968 each | 500 pieces in Digi-Reel® for $0.56612 each | 1000 pieces in Digi-Reel® for $0.55261 each |,W25Q80DVUXIE TR,https://www.winbond.com/resource-files/w25q80dv%20dl_revh_10022015.pdf,Non-Volatile,FLASH,FLASH - NOR,8Mbit,1M x 8,SPI - Quad I/O,104 MHz,3ms,,2.7V ~ 3.6V,8-UFDFN Exposed Pad
64394,Macronix,$0.58,Not For New Designs,https://www.digikey.com/en/products/detail/macronix/MX25L1606EM2I-12G/2744818,1 pieces in Tube for $0.58 each | 10 pieces in Tube for $0.548 each | 25 pieces in Tube for $0.5336 each | 92 pieces in Tube for $0.51217 each | 184 pieces in Tube for $0.50065 each | 276 pieces in Tube for $0.49384 each | 552 pieces in Tube for $0.48228 each | 1012 pieces in Tube for $0.47216 each | 5060 pieces in Tube for $0.44564 each |,MX25L1606EM2I-12G,https://www.macronix.com/en-us/flash-memory-solutions/Documents/Macronix%20WLCSP%20Serial%20NOR%20Flash%20-%20Product%20Line%20Card.pdf,Non-Volatile,FLASH,FLASH - NOR,16Mbit,2M x 8,SPI,86 MHz,"50µs, 3ms",,2.7V ~ 3.6V,"8-SOIC (0.209"", 5.30mm Width)"
45143,Macronix,$0.58,Active,https://www.digikey.com/en/products/detail/macronix/MX25L3233FM1I-08Q/7796733,1 pieces in Tray for $0.58 each | 10 pieces in Tray for $0.548 each | 25 pieces in Tray for $0.5332 each | 98 pieces in Tray for $0.51082 each | 196 pieces in Tray for $0.49939 each | 294 pieces in Tray for $0.49269 each | 588 pieces in Tray for $0.48119 each | 1078 pieces in Tray for $0.47115 each | 5096 pieces in Tray for $0.44569 each |,MX25L3233FM1I-08Q,"https://www.macronix.com/Lists/Datasheet/Attachments/8933/MX25L3233F,%203V,%2032Mb,%20v1.7.pdf",Non-Volatile,FLASH,FLASH - NOR,32Mbit,8M x 4,SPI - Quad I/O,133 MHz,"50µs, 1.2ms",,2.65V ~ 3.6V,"8-SOIC (0.154"", 3.90mm Width)"
11831,Macronix,$0.58,Active,https://www.digikey.com/en/products/detail/macronix/MX25L3233FM2I-08G/7402341,1 pieces in Tube for $0.58 each | 10 pieces in Tube for $0.548 each | 25 pieces in Tube for $0.5332 each | 92 pieces in Tube for $0.51185 each | 184 pieces in Tube for $0.50043 each | 276 pieces in Tube for $0.49373 each | 552 pieces in Tube for $0.48223 each | 1012 pieces in Tube for $0.47219 each | 5060 pieces in Tube for $0.4458 each |,MX25L3233FM2I-08G,"https://www.macronix.com/Lists/Datasheet/Attachments/8933/MX25L3233F,%203V,%2032Mb,%20v1.7.pdf",Non-Volatile,FLASH,FLASH - NOR,32Mbit,8M x 4,SPI - Quad I/O,133 MHz,"50µs, 1.2ms",,2.65V ~ 3.6V,"8-SOIC (0.209"", 5.30mm Width)"
44793,"ISSI, Integrated Silicon Solution Inc",$0.59,Active,https://www.digikey.com/en/products/detail/issi-integrated-silicon-solution-inc/IS25LP080D-JNLE-TR/6236160,3000 pieces in Tape & Reel (TR) for $0.46987 each | 6000 pieces in Tape & Reel (TR) for $0.4582 each | 9000 pieces in Tape & Reel (TR) for $0.45145 each | 15000 pieces in Tape & Reel (TR) for $0.44302 each | 21000 pieces in Tape & Reel (TR) for $0.43753 each | 1 pieces in Cut Tape (CT) for $0.59 each | 10 pieces in Cut Tape (CT) for $0.55 each | 25 pieces in Cut Tape (CT) for $0.5356 each | 50 pieces in Cut Tape (CT) for $0.5242 each | 100 pieces in Cut Tape (CT) for $0.5127 each | 250 pieces in Cut Tape (CT) for $0.49744 each | 500 pieces in Cut Tape (CT) for $0.4859 each | 1000 pieces in Cut Tape (CT) for $0.47435 each | 1 pieces in Digi-Reel® for $0.59 each | 10 pieces in Digi-Reel® for $0.55 each | 25 pieces in Digi-Reel® for $0.5356 each | 50 pieces in Digi-Reel® for $0.5242 each | 100 pieces in Digi-Reel® for $0.5127 each | 250 pieces in Digi-Reel® for $0.49744 each | 500 pieces in Digi-Reel® for $0.4859 each | 1000 pieces in Digi-Reel® for $0.47435 each |,IS25LP080D-JNLE-TR,https://www.issi.com/WW/pdf/25LP-WP080D-040D-020D.pdf,Non-Volatile,FLASH,FLASH - NOR,8Mbit,1M x 8,"SPI - Quad I/O, QPI, DTR",133 MHz,800µs,,2.3V ~ 3.6V,"8-SOIC (0.154"", 3.90mm Width)"
27144,Winbond Electronics,$0.59,Active,https://www.digikey.com/en/products/detail/winbond-electronics/W25Q16JVUXIQ-TR/15182017,4000 pieces in Tape & Reel (TR) for $0.46501 each | 8000 pieces in Tape & Reel (TR) for $0.4534 each | 12000 pieces in Tape & Reel (TR) for $0.44669 each | 20000 pieces in Tape & Reel (TR) for $0.43833 each | 1 pieces in Cut Tape (CT) for $0.59 each | 10 pieces in Cut Tape (CT) for $0.55 each | 25 pieces in Cut Tape (CT) for $0.5356 each | 50 pieces in Cut Tape (CT) for $0.5242 each | 100 pieces in Cut Tape (CT) for $0.5127 each | 250 pieces in Cut Tape (CT) for $0.49744 each | 500 pieces in Cut Tape (CT) for $0.4859 each | 1000 pieces in Cut Tape (CT) for $0.47435 each | 1 pieces in Digi-Reel® for $0.59 each | 10 pieces in Digi-Reel® for $0.55 each | 25 pieces in Digi-Reel® for $0.5356 each | 50 pieces in Digi-Reel® for $0.5242 each | 100 pieces in Digi-Reel® for $0.5127 each | 250 pieces in Digi-Reel® for $0.49744 each | 500 pieces in Digi-Reel® for $0.4859 each | 1000 pieces in Digi-Reel® for $0.47435 each |,W25Q16JVUXIQ TR,//mm.digikey.com/Volume0/opasdata/d220001/medias/docus/6661/W25Q16JV.pdf,Non-Volatile,FLASH,FLASH - NOR,16Mbit,2M x 8,SPI - Quad I/O,133 MHz,3ms,6 ns,2.7V ~ 3.6V,8-UFDFN Exposed Pad
20564,Winbond Electronics,$0.59,Active,https://www.digikey.com/en/products/detail/winbond-electronics/W25Q40EWUXIE-TR/5256710,4000 pieces in Tape & Reel (TR) for $0.46501 each | 8000 pieces in Tape & Reel (TR) for $0.4534 each | 12000 pieces in Tape & Reel (TR) for $0.44669 each | 20000 pieces in Tape & Reel (TR) for $0.43833 each | 1 pieces in Cut Tape (CT) for $0.59 each | 10 pieces in Cut Tape (CT) for $0.55 each | 25 pieces in Cut Tape (CT) for $0.5356 each | 50 pieces in Cut Tape (CT) for $0.5242 each | 100 pieces in Cut Tape (CT) for $0.5127 each | 250 pieces in Cut Tape (CT) for $0.49744 each | 500 pieces in Cut Tape (CT) for $0.4859 each | 1000 pieces in Cut Tape (CT) for $0.47435 each | 1 pieces in Digi-Reel® for $0.59 each | 10 pieces in Digi-Reel® for $0.55 each | 25 pieces in Digi-Reel® for $0.5356 each | 50 pieces in Digi-Reel® for $0.5242 each | 100 pieces in Digi-Reel® for $0.5127 each | 250 pieces in Digi-Reel® for $0.49744 each | 500 pieces in Digi-Reel® for $0.4859 each | 1000 pieces in Digi-Reel® for $0.47435 each |,W25Q40EWUXIE TR,https://www.winbond.com/resource-files/w25q40ew-revh-01162017-sfdp.pdf,Non-Volatile,FLASH,FLASH - NOR,4Mbit,512K x 8,"SPI - Quad I/O, QPI",104 MHz,800µs,,1.65V ~ 1.95V,8-UFDFN Exposed Pad
2089,Winbond Electronics,$0.6,Active,https://www.digikey.com/en/products/detail/winbond-electronics/W25X40CLZPIG/3008616,1 pieces in Tube for $0.6 each | 10 pieces in Tube for $0.567 each | 25 pieces in Tube for $0.5516 each | 50 pieces in Tube for $0.5398 each | 100 pieces in Tube for $0.5281 each | 300 pieces in Tube for $0.50923 each | 500 pieces in Tube for $0.50048 each | 1000 pieces in Tube for $0.48858 each | 5000 pieces in Tube for $0.46126 each |,W25X40CLZPIG,https://www.winbond.com/resource-files/w25x40cl_f 20140325.pdf,Non-Volatile,FLASH,FLASH,4Mbit,512K x 8,SPI,104 MHz,800µs,,2.3V ~ 3.6V,8-WDFN Exposed Pad
11120,Renesas Electronics Corporation,$0.61,Active,https://www.digikey.com/en/products/detail/renesas-electronics-corporation/AT25SF321B-SSHB-T/10280630,4000 pieces in Tape & Reel (TR) for $0.48306 each | 8000 pieces in Tape & Reel (TR) for $0.47099 each | 12000 pieces in Tape & Reel (TR) for $0.46401 each | 20000 pieces in Tape & Reel (TR) for $0.45532 each | 1 pieces in Cut Tape (CT) for $0.61 each | 10 pieces in Cut Tape (CT) for $0.572 each | 25 pieces in Cut Tape (CT) for $0.5564 each | 50 pieces in Cut Tape (CT) for $0.5446 each | 100 pieces in Cut Tape (CT) for $0.5327 each | 250 pieces in Cut Tape (CT) for $0.5168 each | 500 pieces in Cut Tape (CT) for $0.5048 each | 1000 pieces in Cut Tape (CT) for $0.49279 each | 1 pieces in Digi-Reel® for $0.61 each | 10 pieces in Digi-Reel® for $0.572 each | 25 pieces in Digi-Reel® for $0.5564 each | 50 pieces in Digi-Reel® for $0.5446 each | 100 pieces in Digi-Reel® for $0.5327 each | 250 pieces in Digi-Reel® for $0.5168 each | 500 pieces in Digi-Reel® for $0.5048 each | 1000 pieces in Digi-Reel® for $0.49279 each |,AT25SF321B-SSHB-T,https://www.renesas.com/us/en/document/dst/at25sf321b-datasheet?r=1608806,Non-Volatile,FLASH,FLASH - NOR,32Mbit,4M x 8,SPI - Quad I/O,108 MHz,"50µs, 3ms",,2.7V ~ 3.6V,"8-SOIC (0.154"", 3.90mm Width)"
7555,Macronix,$0.61,Active,https://www.digikey.com/en/products/detail/macronix/MX25L3233FZBI-08Q/7796736,5000 pieces in Tape & Reel (TR) for $0.47649 each | 10000 pieces in Tape & Reel (TR) for $0.46455 each | 15000 pieces in Tape & Reel (TR) for $0.45764 each | 1 pieces in Cut Tape (CT) for $0.61 each | 10 pieces in Cut Tape (CT) for $0.568 each | 25 pieces in Cut Tape (CT) for $0.5532 each | 50 pieces in Cut Tape (CT) for $0.5416 each | 100 pieces in Cut Tape (CT) for $0.5297 each | 250 pieces in Cut Tape (CT) for $0.51392 each | 500 pieces in Cut Tape (CT) for $0.50198 each | 1000 pieces in Cut Tape (CT) for $0.49004 each | 1 pieces in Digi-Reel® for $0.61 each | 10 pieces in Digi-Reel® for $0.568 each | 25 pieces in Digi-Reel® for $0.5532 each | 50 pieces in Digi-Reel® for $0.5416 each | 100 pieces in Digi-Reel® for $0.5297 each | 250 pieces in Digi-Reel® for $0.51392 each | 500 pieces in Digi-Reel® for $0.50198 each | 1000 pieces in Digi-Reel® for $0.49004 each |,MX25L3233FZBI-08Q,"https://www.macronix.com/Lists/Datasheet/Attachments/8933/MX25L3233F,%203V,%2032Mb,%20v1.7.pdf",Non-Volatile,FLASH,FLASH - NOR,32Mbit,8M x 4,SPI - Quad I/O,133 MHz,"50µs, 1.2ms",,2.65V ~ 3.6V,8-UDFN Exposed Pad
95825,Winbond Electronics,$0.62,Active,https://www.digikey.com/en/products/detail/winbond-electronics/W25Q80DVSNIG-TR/5154948,2500 pieces in Tape & Reel (TR) for $0.5042 each | 5000 pieces in Tape & Reel (TR) for $0.4917 each | 7500 pieces in Tape & Reel (TR) for $0.48447 each | 12500 pieces in Tape & Reel (TR) for $0.47544 each | 17500 pieces in Tape & Reel (TR) for $0.46956 each | 1 pieces in Cut Tape (CT) for $0.62 each | 10 pieces in Cut Tape (CT) for $0.587 each | 25 pieces in Cut Tape (CT) for $0.5712 each | 50 pieces in Cut Tape (CT) for $0.559 each | 100 pieces in Cut Tape (CT) for $0.5467 each | 250 pieces in Cut Tape (CT) for $0.5304 each | 500 pieces in Cut Tape (CT) for $0.51806 each | 1000 pieces in Cut Tape (CT) for $0.50572 each | 1 pieces in Digi-Reel® for $0.62 each | 10 pieces in Digi-Reel® for $0.587 each | 25 pieces in Digi-Reel® for $0.5712 each | 50 pieces in Digi-Reel® for $0.559 each | 100 pieces in Digi-Reel® for $0.5467 each | 250 pieces in Digi-Reel® for $0.5304 each | 500 pieces in Digi-Reel® for $0.51806 each | 1000 pieces in Digi-Reel® for $0.50572 each |,W25Q80DVSNIG TR,https://www.winbond.com/resource-files/w25q80dv%20dl_revh_10022015.pdf,Non-Volatile,FLASH,FLASH - NOR,8Mbit,1M x 8,SPI - Quad I/O,104 MHz,3ms,,2.7V ~ 3.6V,"8-SOIC (0.154"", 3.90mm Width)"
1195,Winbond Electronics,$0.62,Active,https://www.digikey.com/en/products/detail/winbond-electronics/W25Q16JVSSIQ-TR/6193775,2000 pieces in Tape & Reel (TR) for $0.41943 each | 4000 pieces in Tape & Reel (TR) for $0.40908 each | 6000 pieces in Tape & Reel (TR) for $0.40308 each | 10000 pieces in Tape & Reel (TR) for $0.3956 each | 14000 pieces in Tape & Reel (TR) for $0.39072 each | 20000 pieces in Tape & Reel (TR) for $0.3875 each | 1 pieces in Cut Tape (CT) for $0.62 each | 10 pieces in Cut Tape (CT) for $0.587 each | 25 pieces in Cut Tape (CT) for $0.5712 each | 50 pieces in Cut Tape (CT) for $0.559 each | 100 pieces in Cut Tape (CT) for $0.5467 each | 250 pieces in Cut Tape (CT) for $0.5304 each | 500 pieces in Cut Tape (CT) for $0.51806 each | 1000 pieces in Cut Tape (CT) for $0.50572 each | 1 pieces in Digi-Reel® for $0.62 each | 10 pieces in Digi-Reel® for $0.587 each | 25 pieces in Digi-Reel® for $0.5712 each | 50 pieces in Digi-Reel® for $0.559 each | 100 pieces in Digi-Reel® for $0.5467 each | 250 pieces in Digi-Reel® for $0.5304 each | 500 pieces in Digi-Reel® for $0.51806 each | 1000 pieces in Digi-Reel® for $0.50572 each |,W25Q16JVSSIQ TR,https://www.winbond.com/resource-files/w25q16jv%20spi%20revg%2003222018%20plus.pdf,Non-Volatile,FLASH,FLASH - NOR,16Mbit,2M x 8,SPI - Quad I/O,133 MHz,3ms,,2.7V ~ 3.6V,"8-SOIC (0.209"", 5.30mm Width)"
38858,Winbond Electronics,$0.64,Active,https://www.digikey.com/en/products/detail/winbond-electronics/W25Q16JVZPIQ/6193770,1 pieces in Tube for $0.64 each | 10 pieces in Tube for $0.604 each | 25 pieces in Tube for $0.588 each | 50 pieces in Tube for $0.5756 each | 100 pieces in Tube for $0.5631 each | 300 pieces in Tube for $0.54297 each | 500 pieces in Tube for $0.5336 each | 1000 pieces in Tube for $0.52089 each | 5000 pieces in Tube for $0.4917 each |,W25Q16JVZPIQ,https://www.winbond.com/resource-files/w25q16jv%20spi%20revg%2003222018%20plus.pdf,Non-Volatile,FLASH,FLASH - NOR,16Mbit,2M x 8,SPI - Quad I/O,133 MHz,3ms,,2.7V ~ 3.6V,8-WDFN Exposed Pad
58280,Winbond Electronics,$0.68,Active,https://www.digikey.com/en/products/detail/winbond-electronics/W25Q16JVZPIQ-TR/6193781,5000 pieces in Tape & Reel (TR) for $0.44334 each | 10000 pieces in Tape & Reel (TR) for $0.4322 each | 15000 pieces in Tape & Reel (TR) for $0.42577 each | 1 pieces in Cut Tape (CT) for $0.68 each | 10 pieces in Cut Tape (CT) for $0.642 each | 25 pieces in Cut Tape (CT) for $0.6244 each | 50 pieces in Cut Tape (CT) for $0.611 each | 100 pieces in Cut Tape (CT) for $0.5975 each | 250 pieces in Cut Tape (CT) for $0.57968 each | 500 pieces in Cut Tape (CT) for $0.56612 each | 1000 pieces in Cut Tape (CT) for $0.55261 each | 1 pieces in Digi-Reel® for $0.68 each | 10 pieces in Digi-Reel® for $0.642 each | 25 pieces in Digi-Reel® for $0.6244 each | 50 pieces in Digi-Reel® for $0.611 each | 100 pieces in Digi-Reel® for $0.5975 each | 250 pieces in Digi-Reel® for $0.57968 each | 500 pieces in Digi-Reel® for $0.56612 each | 1000 pieces in Digi-Reel® for $0.55261 each |,W25Q16JVZPIQ TR,https://www.winbond.com/resource-files/w25q16jv%20spi%20revg%2003222018%20plus.pdf,Non-Volatile,FLASH,FLASH - NOR,16Mbit,2M x 8,SPI - Quad I/O,133 MHz,3ms,,2.7V ~ 3.6V,8-WDFN Exposed Pad
51616,Macronix,$0.68,Active,https://www.digikey.com/en/products/detail/macronix/MX25R1635FZUIL0/8416960,12000 pieces in Tape & Reel (TR) for $0.52053 each | 1 pieces in Cut Tape (CT) for $0.68 each | 10 pieces in Cut Tape (CT) for $0.642 each | 25 pieces in Cut Tape (CT) for $0.6248 each | 50 pieces in Cut Tape (CT) for $0.6114 each | 100 pieces in Cut Tape (CT) for $0.5979 each | 250 pieces in Cut Tape (CT) for $0.58004 each | 500 pieces in Cut Tape (CT) for $0.56648 each | 1000 pieces in Cut Tape (CT) for $0.55295 each | 5000 pieces in Cut Tape (CT) for $0.5219 each |,MX25R1635FZUIL0,"https://www.macronix.com/Lists/Datasheet/Attachments/8702/MX25R1635F,%20Wide%20Range,%2016Mb,%20v1.6.pdf",Non-Volatile,FLASH,FLASH - NOR,16Mbit,2M x 8,SPI - Quad I/O,33 MHz,"100µs, 10ms",,1.65V ~ 3.6V,8-UFDFN Exposed Pad
39860,Macronix,$0.68,Active,https://www.digikey.com/en/products/detail/macronix/MX25R1635FZUIH0/5957724,12000 pieces in Tape & Reel (TR) for $0.52021 each | 1 pieces in Cut Tape (CT) for $0.68 each | 10 pieces in Cut Tape (CT) for $0.642 each | 25 pieces in Cut Tape (CT) for $0.6244 each | 50 pieces in Cut Tape (CT) for $0.611 each | 100 pieces in Cut Tape (CT) for $0.5975 each | 250 pieces in Cut Tape (CT) for $0.57968 each | 500 pieces in Cut Tape (CT) for $0.56612 each | 1000 pieces in Cut Tape (CT) for $0.55261 each | 5000 pieces in Cut Tape (CT) for $0.52157 each | 1 pieces in Digi-Reel® for $0.68 each | 10 pieces in Digi-Reel® for $0.642 each | 25 pieces in Digi-Reel® for $0.6244 each | 50 pieces in Digi-Reel® for $0.611 each | 100 pieces in Digi-Reel® for $0.5975 each | 250 pieces in Digi-Reel® for $0.57968 each | 500 pieces in Digi-Reel® for $0.56612 each | 1000 pieces in Digi-Reel® for $0.55261 each | 5000 pieces in Digi-Reel® for $0.52157 each |,MX25R1635FZUIH0,"https://www.macronix.com/Lists/Datasheet/Attachments/8702/MX25R1635F,%20Wide%20Range,%2016Mb,%20v1.6.pdf",Non-Volatile,FLASH,FLASH - NOR,16Mbit,2M x 8,SPI - Quad I/O,80 MHz,"100µs, 4ms",,1.65V ~ 3.6V,8-UFDFN Exposed Pad
13438,Macronix,$0.68,Not For New Designs,https://www.digikey.com/en/products/detail/macronix/MX25R3235FM2IH0/5957735,1 pieces in Tube for $0.68 each | 10 pieces in Tube for $0.638 each | 25 pieces in Tube for $0.6208 each | 92 pieces in Tube for $0.59554 each | 184 pieces in Tube for $0.58207 each | 276 pieces in Tube for $0.57413 each | 552 pieces in Tube for $0.56058 each | 1012 pieces in Tube for $0.54877 each | 5060 pieces in Tube for $0.51782 each |,MX25R3235FM2IH0,"https://www.macronix.com/Lists/Datasheet/Attachments/8755/MX25R3235F,%20Wide%20Range,%2032Mb,%20v1.8.pdf",Non-Volatile,FLASH,FLASH - NOR,32Mbit,4M x 8,SPI - Quad I/O,80 MHz,"100µs, 4ms",,1.65V ~ 3.6V,"8-SOIC (0.209"", 5.30mm Width)"
6813,Macronix,$0.68,Active,https://www.digikey.com/en/products/detail/macronix/MX25R1635FZNIH0/8676299,1 pieces in Tray for $0.68 each | 10 pieces in Tray for $0.642 each | 25 pieces in Tray for $0.6248 each | 50 pieces in Tray for $0.6114 each | 100 pieces in Tray for $0.598 each | 250 pieces in Tray for $0.58016 each | 570 pieces in Tray for $0.56407 each | 1140 pieces in Tray for $0.55055 each | 5130 pieces in Tray for $0.52158 each |,MX25R1635FZNIH0,"https://www.macronix.com/Lists/Datasheet/Attachments/8702/MX25R1635F,%20Wide%20Range,%2016Mb,%20v1.6.pdf",Non-Volatile,FLASH,FLASH - NOR,16Mbit,2M x 8,SPI - Quad I/O,80 MHz,"100µs, 4ms",,1.65V ~ 3.6V,8-WDFN Exposed Pad
27070,Macronix,$0.71,Not For New Designs,https://www.digikey.com/en/products/detail/macronix/MX25L1606EM1I-12G/2744805,1 pieces in Tube for $0.71 each | 10 pieces in Tube for $0.665 each | 25 pieces in Tube for $0.6468 each | 98 pieces in Tube for $0.61939 each | 196 pieces in Tube for $0.60536 each | 294 pieces in Tube for $0.59714 each | 588 pieces in Tube for $0.58313 each | 1078 pieces in Tube for $0.57088 each | 5096 pieces in Tube for $0.53987 each |,MX25L1606EM1I-12G,https://docs.rs-online.com/d5f8/0900766b814ac6e6.pdf,Non-Volatile,FLASH,FLASH - NOR,16Mbit,2M x 8,SPI,86 MHz,"50µs, 3ms",,2.7V ~ 3.6V,"8-SOIC (0.154"", 3.90mm Width)"
5652,"ISSI, Integrated Silicon Solution Inc",$0.72,Active,https://www.digikey.com/en/products/detail/issi-integrated-silicon-solution-inc/IS25LP016D-JNLE-TR/6624238,3000 pieces in Tape & Reel (TR) for $0.57811 each | 6000 pieces in Tape & Reel (TR) for $0.5637 each | 9000 pieces in Tape & Reel (TR) for $0.55535 each | 15000 pieces in Tape & Reel (TR) for $0.54496 each | 1 pieces in Cut Tape (CT) for $0.72 each | 10 pieces in Cut Tape (CT) for $0.678 each | 25 pieces in Cut Tape (CT) for $0.6596 each | 50 pieces in Cut Tape (CT) for $0.6456 each | 100 pieces in Cut Tape (CT) for $0.6314 each | 250 pieces in Cut Tape (CT) for $0.61244 each | 500 pieces in Cut Tape (CT) for $0.59808 each | 1000 pieces in Cut Tape (CT) for $0.58377 each | 1 pieces in Digi-Reel® for $0.72 each | 10 pieces in Digi-Reel® for $0.678 each | 25 pieces in Digi-Reel® for $0.6596 each | 50 pieces in Digi-Reel® for $0.6456 each | 100 pieces in Digi-Reel® for $0.6314 each | 250 pieces in Digi-Reel® for $0.61244 each | 500 pieces in Digi-Reel® for $0.59808 each | 1000 pieces in Digi-Reel® for $0.58377 each |,IS25LP016D-JNLE-TR,https://www.issi.com/WW/pdf/25LP-WP016D.pdf,Non-Volatile,FLASH,FLASH - NOR,16Mbit,2M x 8,"SPI - Quad I/O, QPI, DTR",133 MHz,800µs,,2.3V ~ 3.6V,"8-SOIC (0.154"", 3.90mm Width)"
2835,On Shore Technology Inc.,$0.72,Active,https://www.digikey.com/en/products/detail/on-shore-technology-inc/SA143000/3313545,1 pieces in Tube for $0.72 each | 10 pieces in Tube for $0.614 each | 34 pieces in Tube for $0.56324 each | 68 pieces in Tube for $0.53647 each | 102 pieces in Tube for $0.52127 each | 272 pieces in Tube for $0.48636 each | 510 pieces in Tube for $0.46524 each | 1020 pieces in Tube for $0.44301 each | 2516 pieces in Tube for $0.41566 each |,SA143000,http://www.on-shore.com/wp-content/uploads/2015/09/SAXXX0X0.pdf,,,,,,,,,,,
23493,Amphenol ICC (FCI),$0.73,Active,https://www.digikey.com/en/products/detail/amphenol-cs-fci/10018784-10201TLF/1002341,1 pieces in Tray for $0.73 each | 10 pieces in Tray for $0.622 each | 25 pieces in Tray for $0.5832 each | 50 pieces in Tray for $0.5554 each | 100 pieces in Tray for $0.5288 each | 250 pieces in Tray for $0.49568 each | 500 pieces in Tray for $0.47198 each | 1800 pieces in Tray for $0.43117 each | 3600 pieces in Tray for $0.41059 each |,10018784-10201TLF,https://www.waldom.com/upload/parts/datasheets/mf-fci/fci-10018784-10201tlf.pdf,,,,,,,,,,,
129218,Renesas Electronics Corporation,$0.76,Active,https://www.digikey.com/en/products/detail/renesas-electronics-corporation/AT25DF021A-SSHN-T/5155703,4000 pieces in Tape & Reel (TR) for $0.60254 each | 8000 pieces in Tape & Reel (TR) for $0.58742 each | 12000 pieces in Tape & Reel (TR) for $0.57869 each | 1 pieces in Cut Tape (CT) for $0.76 each | 10 pieces in Cut Tape (CT) for $0.714 each | 25 pieces in Cut Tape (CT) for $0.6952 each | 50 pieces in Cut Tape (CT) for $0.6802 each | 100 pieces in Cut Tape (CT) for $0.6651 each | 250 pieces in Cut Tape (CT) for $0.64508 each | 500 pieces in Cut Tape (CT) for $0.62996 each | 1000 pieces in Cut Tape (CT) for $0.61486 each | 1 pieces in Digi-Reel® for $0.76 each | 10 pieces in Digi-Reel® for $0.714 each | 25 pieces in Digi-Reel® for $0.6952 each | 50 pieces in Digi-Reel® for $0.6802 each | 100 pieces in Digi-Reel® for $0.6651 each | 250 pieces in Digi-Reel® for $0.64508 each | 500 pieces in Digi-Reel® for $0.62996 each | 1000 pieces in Digi-Reel® for $0.61486 each |,AT25DF021A-SSHN-T,https://www.renesas.com/us/en/document/dst/at25df021a-datasheet?language=en,Non-Volatile,FLASH,FLASH,2Mbit,256K x 8,SPI,104 MHz,"8µs, 2.5ms",,1.65V ~ 3.6V,"8-SOIC (0.154"", 3.90mm Width)"
43974,Winbond Electronics,$0.76,Active,https://www.digikey.com/en/products/detail/winbond-electronics/W25Q32JVSSIQ/5803981,1 pieces in Tube for $0.76 each | 10 pieces in Tube for $0.717 each | 25 pieces in Tube for $0.6976 each | 90 pieces in Tube for $0.67 each | 180 pieces in Tube for $0.65483 each | 270 pieces in Tube for $0.64596 each | 540 pieces in Tube for $0.63076 each | 1080 pieces in Tube for $0.61562 each | 5040 pieces in Tube for $0.5824 each |,W25Q32JVSSIQ,//mm.digikey.com/Volume0/opasdata/d220001/medias/docus/5059/W25Q32JV_RevI_5-4-21.pdf,Non-Volatile,FLASH,FLASH - NOR,32Mbit,4M x 8,SPI - Quad I/O,133 MHz,3ms,,2.7V ~ 3.6V,"8-SOIC (0.209"", 5.30mm Width)"
5060,Renesas Electronics Corporation,$0.8,Active,https://www.digikey.com/en/products/detail/renesas-electronics-corporation/AT25SF321B-MHB-T/10280627,6000 pieces in Tape & Reel (TR) for $0.62358 each | 12000 pieces in Tape & Reel (TR) for $0.60783 each | 1 pieces in Cut Tape (CT) for $0.8 each | 10 pieces in Cut Tape (CT) for $0.751 each | 25 pieces in Cut Tape (CT) for $0.7304 each | 50 pieces in Cut Tape (CT) for $0.7146 each | 100 pieces in Cut Tape (CT) for $0.6988 each | 250 pieces in Cut Tape (CT) for $0.67772 each | 500 pieces in Cut Tape (CT) for $0.66178 each | 1000 pieces in Cut Tape (CT) for $0.64588 each | 1 pieces in Digi-Reel® for $0.8 each | 10 pieces in Digi-Reel® for $0.751 each | 25 pieces in Digi-Reel® for $0.7304 each | 50 pieces in Digi-Reel® for $0.7146 each | 100 pieces in Digi-Reel® for $0.6988 each | 250 pieces in Digi-Reel® for $0.67772 each | 500 pieces in Digi-Reel® for $0.66178 each | 1000 pieces in Digi-Reel® for $0.64588 each |,AT25SF321B-MHB-T,https://www.renesas.com/us/en/document/dst/at25sf321b-datasheet?r=1608806,Non-Volatile,FLASH,FLASH - NOR,32Mbit,4M x 8,SPI - Quad I/O,108 MHz,"50µs, 3ms",,2.7V ~ 3.6V,8-UDFN Exposed Pad
523581,Renesas Electronics Corporation,$0.82,Active,https://www.digikey.com/en/products/detail/renesas-electronics-corporation/AT25SL321-MBUE-T/6827495,5000 pieces in Tape & Reel (TR) for $0.53046 each | 10000 pieces in Tape & Reel (TR) for $0.51709 each | 15000 pieces in Tape & Reel (TR) for $0.5125 each | 1 pieces in Cut Tape (CT) for $0.82 each | 10 pieces in Cut Tape (CT) for $0.769 each | 25 pieces in Cut Tape (CT) for $0.748 each | 50 pieces in Cut Tape (CT) for $0.7318 each | 100 pieces in Cut Tape (CT) for $0.7156 each | 250 pieces in Cut Tape (CT) for $0.694 each | 500 pieces in Cut Tape (CT) for $0.67766 each | 1000 pieces in Cut Tape (CT) for $0.66137 each | 1 pieces in Digi-Reel® for $0.82 each | 10 pieces in Digi-Reel® for $0.769 each | 25 pieces in Digi-Reel® for $0.748 each | 50 pieces in Digi-Reel® for $0.7318 each | 100 pieces in Digi-Reel® for $0.7156 each | 250 pieces in Digi-Reel® for $0.694 each | 500 pieces in Digi-Reel® for $0.67766 each | 1000 pieces in Digi-Reel® for $0.66137 each |,AT25SL321-MBUE-T,https://www.renesas.com/us/en/document/dst/at25sl321-datasheet?language=en,Non-Volatile,FLASH,FLASH,32Mbit,4M x 8,SPI - Quad I/O,104 MHz,"150µs, 5ms",,1.7V ~ 2V,8-UDFN Exposed Pad
18120,Winbond Electronics,$0.82,Active,https://www.digikey.com/en/products/detail/winbond-electronics/W25Q32JVSSIQ-TR/5803982,2000 pieces in Tape & Reel (TR) for $0.66456 each | 4000 pieces in Tape & Reel (TR) for $0.64806 each | 6000 pieces in Tape & Reel (TR) for $0.6385 each | 10000 pieces in Tape & Reel (TR) for $0.62659 each | 14000 pieces in Tape & Reel (TR) for $0.61883 each | 1 pieces in Cut Tape (CT) for $0.82 each | 10 pieces in Cut Tape (CT) for $0.769 each | 25 pieces in Cut Tape (CT) for $0.748 each | 50 pieces in Cut Tape (CT) for $0.7318 each | 100 pieces in Cut Tape (CT) for $0.7156 each | 250 pieces in Cut Tape (CT) for $0.694 each | 500 pieces in Cut Tape (CT) for $0.67766 each | 1000 pieces in Cut Tape (CT) for $0.66137 each | 1 pieces in Digi-Reel® for $0.82 each | 10 pieces in Digi-Reel® for $0.769 each | 25 pieces in Digi-Reel® for $0.748 each | 50 pieces in Digi-Reel® for $0.7318 each | 100 pieces in Digi-Reel® for $0.7156 each | 250 pieces in Digi-Reel® for $0.694 each | 500 pieces in Digi-Reel® for $0.67766 each | 1000 pieces in Digi-Reel® for $0.66137 each |,W25Q32JVSSIQ TR,//mm.digikey.com/Volume0/opasdata/d220001/medias/docus/5059/W25Q32JV_RevI_5-4-21.pdf,Non-Volatile,FLASH,FLASH - NOR,32Mbit,4M x 8,SPI - Quad I/O,133 MHz,3ms,,2.7V ~ 3.6V,"8-SOIC (0.209"", 5.30mm Width)"
13530,Macronix,$0.82,Active,https://www.digikey.com/en/products/detail/macronix/MX25L6433FM2I-08G/7796740,1 pieces in Tube for $0.82 each | 10 pieces in Tube for $0.773 each | 25 pieces in Tube for $0.752 each | 92 pieces in Tube for $0.72163 each | 184 pieces in Tube for $0.70527 each | 276 pieces in Tube for $0.69569 each | 552 pieces in Tube for $0.67929 each | 1012 pieces in Tube for $0.66498 each | 5060 pieces in Tube for $0.62748 each |,MX25L6433FM2I-08G,None,Non-Volatile,FLASH,FLASH - NOR,64Mbit,8M x 8,SPI - Quad I/O,133 MHz,"50µs, 1.2ms",,2.65V ~ 3.6V,"8-SOIC (0.209"", 5.30mm Width)"
12858,On Shore Technology Inc.,$0.82,Active,https://www.digikey.com/en/products/detail/on-shore-technology-inc/SA163000/3313525,1 pieces in Tube for $0.82 each | 10 pieces in Tube for $0.692 each | 30 pieces in Tube for $0.64067 each | 60 pieces in Tube for $0.60983 each | 120 pieces in Tube for $0.58067 each | 270 pieces in Tube for $0.54837 each | 510 pieces in Tube for $0.52427 each | 1020 pieces in Tube for $0.49924 each | 2520 pieces in Tube for $0.46837 each |,SA163000,http://www.on-shore.com/wp-content/uploads/2015/09/SAXXX0X0.pdf,,,,,,,,,,,
6230,Macronix,$0.82,Not For New Designs,https://www.digikey.com/en/products/detail/macronix/MX25L6433FM2I-08Q/7809415,1 pieces in Tube for $0.82 each | 10 pieces in Tube for $0.773 each | 25 pieces in Tube for $0.752 each | 92 pieces in Tube for $0.72163 each | 184 pieces in Tube for $0.70527 each | 276 pieces in Tube for $0.69569 each | 552 pieces in Tube for $0.67929 each | 1012 pieces in Tube for $0.66498 each | 5060 pieces in Tube for $0.62748 each |,MX25L6433FM2I-08Q,"https://www.mxic.com.tw/Lists/Datasheet/Attachments/9127/MX25L6433F,%203V,%2064Mb,%20v1.9.pdf",Non-Volatile,FLASH,FLASH - NOR,64Mbit,8M x 8,SPI - Quad I/O,133 MHz,"50µs, 1.2ms",,2.65V ~ 3.6V,"8-SOIC (0.209"", 5.30mm Width)"
4221,Macronix,$0.82,Not For New Designs,https://www.digikey.com/en/products/detail/macronix/MX25R3235FM1IH0/5957736,1 pieces in Tube for $0.82 each | 10 pieces in Tube for $0.773 each | 25 pieces in Tube for $0.752 each | 98 pieces in Tube for $0.7202 each | 196 pieces in Tube for $0.70378 each | 294 pieces in Tube for $0.69418 each | 588 pieces in Tube for $0.67779 each | 1078 pieces in Tube for $0.66349 each | 5096 pieces in Tube for $0.62732 each |,MX25R3235FM1IH0,"https://www.macronix.com/Lists/Datasheet/Attachments/8755/MX25R3235F,%20Wide%20Range,%2032Mb,%20v1.8.pdf",Non-Volatile,FLASH,FLASH - NOR,32Mbit,4M x 8,SPI - Quad I/O,80 MHz,"100µs, 4ms",,1.65V ~ 3.6V,"8-SOIC (0.154"", 3.90mm Width)"
691,Renesas Electronics Corporation,$0.82,Active,https://www.digikey.com/en/products/detail/renesas-electronics-corporation/AT25FF321A-SSHN-T/10390990,4000 pieces in Tape & Reel (TR) for $0.64806 each | 8000 pieces in Tape & Reel (TR) for $0.63178 each | 12000 pieces in Tape & Reel (TR) for $0.62238 each | 1 pieces in Cut Tape (CT) for $0.82 each | 10 pieces in Cut Tape (CT) for $0.769 each | 25 pieces in Cut Tape (CT) for $0.748 each | 50 pieces in Cut Tape (CT) for $0.7318 each | 100 pieces in Cut Tape (CT) for $0.7156 each | 250 pieces in Cut Tape (CT) for $0.694 each | 500 pieces in Cut Tape (CT) for $0.67766 each | 1000 pieces in Cut Tape (CT) for $0.66137 each | 1 pieces in Digi-Reel® for $0.82 each | 10 pieces in Digi-Reel® for $0.769 each | 25 pieces in Digi-Reel® for $0.748 each | 50 pieces in Digi-Reel® for $0.7318 each | 100 pieces in Digi-Reel® for $0.7156 each | 250 pieces in Digi-Reel® for $0.694 each | 500 pieces in Digi-Reel® for $0.67766 each | 1000 pieces in Digi-Reel® for $0.66137 each |,AT25FF321A-SSHN-T,https://www.renesas.com/us/en/document/dst/at25ff321a-datasheet?r=1608546,Non-Volatile,FLASH,FLASH - NOR,32Mbit,4M x 8,SPI - Quad I/O,104 MHz,-,,1.65V ~ 3.6V,"8-SOIC (0.154"", 3.90mm Width)"
7192,"ISSI, Integrated Silicon Solution Inc",$0.84,Active,https://www.digikey.com/en/products/detail/issi-integrated-silicon-solution-inc/IS25LP016D-JKLE-TR/6624237,4500 pieces in Tape & Reel (TR) for $0.66034 each | 9000 pieces in Tape & Reel (TR) for $0.64373 each | 13500 pieces in Tape & Reel (TR) for $0.63413 each | 1 pieces in Cut Tape (CT) for $0.84 each | 10 pieces in Cut Tape (CT) for $0.787 each | 25 pieces in Cut Tape (CT) for $0.7656 each | 50 pieces in Cut Tape (CT) for $0.749 each | 100 pieces in Cut Tape (CT) for $0.7323 each | 250 pieces in Cut Tape (CT) for $0.71024 each | 500 pieces in Cut Tape (CT) for $0.69352 each | 1000 pieces in Cut Tape (CT) for $0.67684 each | 1 pieces in Digi-Reel® for $0.84 each | 10 pieces in Digi-Reel® for $0.787 each | 25 pieces in Digi-Reel® for $0.7656 each | 50 pieces in Digi-Reel® for $0.749 each | 100 pieces in Digi-Reel® for $0.7323 each | 250 pieces in Digi-Reel® for $0.71024 each | 500 pieces in Digi-Reel® for $0.69352 each | 1000 pieces in Digi-Reel® for $0.67684 each |,IS25LP016D-JKLE-TR,https://www.issi.com/WW/pdf/25LP-WP016D.pdf,Non-Volatile,FLASH,FLASH - NOR,16Mbit,2M x 8,"SPI - Quad I/O, QPI, DTR",133 MHz,800µs,,2.3V ~ 3.6V,8-WDFN Exposed Pad
24798,Macronix,$0.85,Active,https://www.digikey.com/en/products/detail/macronix/MX25U6432FM2I02/11532702,1 pieces in Tube for $0.85 each | 10 pieces in Tube for $0.795 each | 25 pieces in Tube for $0.7728 each | 92 pieces in Tube for $0.74109 each | 184 pieces in Tube for $0.72408 each | 276 pieces in Tube for $0.71413 each | 552 pieces in Tube for $0.69714 each | 1012 pieces in Tube for $0.68235 each | 5060 pieces in Tube for $0.64368 each |,MX25U6432FM2I02,"https://www.macronix.com/Lists/Datasheet/Attachments/8904/MX25U6432F,%201.8V,%2064Mb,%20v1.1.pdf",Non-Volatile,FLASH,FLASH - NOR,64Mbit,8M x 8,"SPI - Quad I/O, QPI",133 MHz,"40µs, 3ms",,1.65V ~ 2V,"8-SOIC (0.209"", 5.30mm Width)"
5061,"ISSI, Integrated Silicon Solution Inc",$0.86,Active,https://www.digikey.com/en/products/detail/issi-integrated-silicon-solution-inc/IS25LP016D-JKLE/6624236,1 pieces in Tray for $0.86 each | 10 pieces in Tray for $0.811 each | 25 pieces in Tray for $0.7884 each | 50 pieces in Tray for $0.7714 each | 100 pieces in Tray for $0.7543 each | 250 pieces in Tray for $0.73156 each | 570 pieces in Tray for $0.71107 each | 1140 pieces in Tray for $0.69391 each | 5130 pieces in Tray for $0.65719 each |,IS25LP016D-JKLE,https://www.issi.com/WW/pdf/25LP-WP016D.pdf,Non-Volatile,FLASH,FLASH - NOR,16Mbit,2M x 8,"SPI - Quad I/O, QPI, DTR",133 MHz,800µs,,2.3V ~ 3.6V,8-WDFN Exposed Pad
43985,"ISSI, Integrated Silicon Solution Inc",$0.88,Active,https://www.digikey.com/en/products/detail/issi-integrated-silicon-solution-inc/IS25WJ032F-JTLE-TR/16266392,5000 pieces in Tape & Reel (TR) for $0.68779 each | 10000 pieces in Tape & Reel (TR) for $0.67044 each | 15000 pieces in Tape & Reel (TR) for $0.66043 each | 1 pieces in Cut Tape (CT) for $0.88 each | 10 pieces in Cut Tape (CT) for $0.823 each | 25 pieces in Cut Tape (CT) for $0.8008 each | 50 pieces in Cut Tape (CT) for $0.7834 each | 100 pieces in Cut Tape (CT) for $0.7659 each | 250 pieces in Cut Tape (CT) for $0.74272 each | 500 pieces in Cut Tape (CT) for $0.7252 each | 1000 pieces in Cut Tape (CT) for $0.70774 each | 1 pieces in Digi-Reel® for $0.88 each | 10 pieces in Digi-Reel® for $0.823 each | 25 pieces in Digi-Reel® for $0.8008 each | 50 pieces in Digi-Reel® for $0.7834 each | 100 pieces in Digi-Reel® for $0.7659 each | 250 pieces in Digi-Reel® for $0.74272 each | 500 pieces in Digi-Reel® for $0.7252 each | 1000 pieces in Digi-Reel® for $0.70774 each |,IS25WJ032F-JTLE-TR,https://www.issi.com/WW/pdf/25WJ032F.pdf,Non-Volatile,FLASH,FLASH - NOR,32Mbit,4M x 8,"SPI - Quad I/O, QPI, DTR",133 MHz,1.6ms,6 ns,1.65V ~ 1.95V,8-UDFN Exposed Pad
2285,Winbond Electronics,$0.88,Active,https://www.digikey.com/en/products/detail/winbond-electronics/W25Q32JVZPIQ-TR/5803987,5000 pieces in Tape & Reel (TR) for $0.68779 each | 10000 pieces in Tape & Reel (TR) for $0.67044 each | 15000 pieces in Tape & Reel (TR) for $0.66043 each | 1 pieces in Cut Tape (CT) for $0.88 each | 10 pieces in Cut Tape (CT) for $0.823 each | 25 pieces in Cut Tape (CT) for $0.8008 each | 50 pieces in Cut Tape (CT) for $0.7834 each | 100 pieces in Cut Tape (CT) for $0.7659 each | 250 pieces in Cut Tape (CT) for $0.74272 each | 500 pieces in Cut Tape (CT) for $0.7252 each | 1000 pieces in Cut Tape (CT) for $0.70774 each | 1 pieces in Digi-Reel® for $0.88 each | 10 pieces in Digi-Reel® for $0.823 each | 25 pieces in Digi-Reel® for $0.8008 each | 50 pieces in Digi-Reel® for $0.7834 each | 100 pieces in Digi-Reel® for $0.7659 each | 250 pieces in Digi-Reel® for $0.74272 each | 500 pieces in Digi-Reel® for $0.7252 each | 1000 pieces in Digi-Reel® for $0.70774 each |,W25Q32JVZPIQ TR,https://www.winbond.com/resource-files/w25q32jv%20revg%2003272018%20plus.pdf,Non-Volatile,FLASH,FLASH - NOR,32Mbit,4M x 8,SPI - Quad I/O,133 MHz,3ms,,2.7V ~ 3.6V,8-WDFN Exposed Pad
33127,Renesas Electronics Corporation,$0.9,Active,https://www.digikey.com/en/products/detail/renesas-electronics-corporation/AT25DF041B-SSHN-T/6124891,4000 pieces in Tape & Reel (TR) for $0.70853 each | 8000 pieces in Tape & Reel (TR) for $0.69071 each | 12000 pieces in Tape & Reel (TR) for $0.68041 each | 1 pieces in Cut Tape (CT) for $0.9 each | 10 pieces in Cut Tape (CT) for $0.841 each | 25 pieces in Cut Tape (CT) for $0.818 each | 50 pieces in Cut Tape (CT) for $0.8004 each | 100 pieces in Cut Tape (CT) for $0.7826 each | 250 pieces in Cut Tape (CT) for $0.75896 each | 500 pieces in Cut Tape (CT) for $0.74102 each | 1000 pieces in Cut Tape (CT) for $0.72317 each | 1 pieces in Digi-Reel® for $0.9 each | 10 pieces in Digi-Reel® for $0.841 each | 25 pieces in Digi-Reel® for $0.818 each | 50 pieces in Digi-Reel® for $0.8004 each | 100 pieces in Digi-Reel® for $0.7826 each | 250 pieces in Digi-Reel® for $0.75896 each | 500 pieces in Digi-Reel® for $0.74102 each | 1000 pieces in Digi-Reel® for $0.72317 each |,AT25DF041B-SSHN-T,https://www.renesas.com/us/en/document/dst/at25df041b-datasheet?language=en,Non-Volatile,FLASH,FLASH,4Mbit,512K x 8,SPI,104 MHz,"8µs, 2.5ms",,1.65V ~ 3.6V,"8-SOIC (0.154"", 3.90mm Width)"
15117,Microchip Technology,$0.92,Active,https://www.digikey.com/en/products/detail/microchip-technology/SST25VF010A-33-4I-SAE-T/2299431,3300 pieces in Tape & Reel (TR) for $0.76 each | 1 pieces in Cut Tape (CT) for $0.92 each | 1 pieces in Digi-Reel® for $0.92 each |,SST25VF010A-33-4I-SAE-T,https://ww1.microchip.com/downloads/en/DeviceDoc/25081A.pdf,Non-Volatile,FLASH,FLASH,1Mbit,128K x 8,SPI,33 MHz,20µs,,2.7V ~ 3.6V,"8-SOIC (0.154"", 3.90mm Width)"
7238,"ISSI, Integrated Silicon Solution Inc",$0.94,Active,https://www.digikey.com/en/products/detail/issi-integrated-silicon-solution-inc/IS25LP032D-JNLE-TR/6624246,3000 pieces in Tape & Reel (TR) for $0.74648 each | 6000 pieces in Tape & Reel (TR) for $0.72776 each | 9000 pieces in Tape & Reel (TR) for $0.71695 each | 1 pieces in Cut Tape (CT) for $0.94 each | 10 pieces in Cut Tape (CT) for $0.877 each | 25 pieces in Cut Tape (CT) for $0.8532 each | 50 pieces in Cut Tape (CT) for $0.8348 each | 100 pieces in Cut Tape (CT) for $0.8161 each | 250 pieces in Cut Tape (CT) for $0.79132 each | 500 pieces in Cut Tape (CT) for $0.77262 each | 1000 pieces in Cut Tape (CT) for $0.75398 each | 1 pieces in Digi-Reel® for $0.94 each | 10 pieces in Digi-Reel® for $0.877 each | 25 pieces in Digi-Reel® for $0.8532 each | 50 pieces in Digi-Reel® for $0.8348 each | 100 pieces in Digi-Reel® for $0.8161 each | 250 pieces in Digi-Reel® for $0.79132 each | 500 pieces in Digi-Reel® for $0.77262 each | 1000 pieces in Digi-Reel® for $0.75398 each |,IS25LP032D-JNLE-TR,https://www.issi.com/WW/pdf/25LP-WP032D.pdf,Non-Volatile,FLASH,FLASH - NOR,32Mbit,4M x 8,"SPI - Quad I/O, QPI, DTR",133 MHz,800µs,,2.3V ~ 3.6V,"8-SOIC (0.154"", 3.90mm Width)"
6233,"ISSI, Integrated Silicon Solution Inc",$0.94,Active,https://www.digikey.com/en/products/detail/issi-integrated-silicon-solution-inc/IS25LP032D-JBLE-TR/6624239,2000 pieces in Tape & Reel (TR) for $0.75754 each | 4000 pieces in Tape & Reel (TR) for $0.73868 each | 6000 pieces in Tape & Reel (TR) for $0.72776 each | 10000 pieces in Tape & Reel (TR) for $0.71416 each | 14000 pieces in Tape & Reel (TR) for $0.7053 each | 1 pieces in Cut Tape (CT) for $0.94 each | 10 pieces in Cut Tape (CT) for $0.877 each | 25 pieces in Cut Tape (CT) for $0.8532 each | 50 pieces in Cut Tape (CT) for $0.8348 each | 100 pieces in Cut Tape (CT) for $0.8161 each | 250 pieces in Cut Tape (CT) for $0.79132 each | 500 pieces in Cut Tape (CT) for $0.77262 each | 1000 pieces in Cut Tape (CT) for $0.75398 each | 1 pieces in Digi-Reel® for $0.94 each | 10 pieces in Digi-Reel® for $0.877 each | 25 pieces in Digi-Reel® for $0.8532 each | 50 pieces in Digi-Reel® for $0.8348 each | 100 pieces in Digi-Reel® for $0.8161 each | 250 pieces in Digi-Reel® for $0.79132 each | 500 pieces in Digi-Reel® for $0.77262 each | 1000 pieces in Digi-Reel® for $0.75398 each |,IS25LP032D-JBLE-TR,https://www.issi.com/WW/pdf/25LP-WP032D.pdf,Non-Volatile,FLASH,FLASH - NOR,32Mbit,4M x 8,"SPI - Quad I/O, QPI, DTR",133 MHz,800µs,,2.3V ~ 3.6V,"8-SOIC (0.209"", 5.30mm Width)"
50416,Winbond Electronics,$0.96,Active,https://www.digikey.com/en/products/detail/winbond-electronics/W25Q64JVSSIQ-TR/5803993,2000 pieces in Tape & Reel (TR) for $0.95737 each | 4000 pieces in Tape & Reel (TR) for $0.93342 each | 6000 pieces in Tape & Reel (TR) for $0.91957 each | 10000 pieces in Tape & Reel (TR) for $0.90233 each | 1 pieces in Cut Tape (CT) for $0.96 each | 10 pieces in Cut Tape (CT) for $0.9 each | 25 pieces in Cut Tape (CT) for $0.8748 each | 50 pieces in Cut Tape (CT) for $0.8558 each | 100 pieces in Cut Tape (CT) for $0.8367 each | 250 pieces in Cut Tape (CT) for $0.81136 each | 500 pieces in Cut Tape (CT) for $0.79214 each | 1000 pieces in Cut Tape (CT) for $0.77301 each | 1 pieces in Digi-Reel® for $1.19 each | 10 pieces in Digi-Reel® for $1.111 each | 25 pieces in Digi-Reel® for $1.0796 each | 50 pieces in Digi-Reel® for $1.056 each | 100 pieces in Digi-Reel® for $1.0322 each | 250 pieces in Digi-Reel® for $1.00064 each | 500 pieces in Digi-Reel® for $0.97676 each | 1000 pieces in Digi-Reel® for $0.95302 each |,W25Q64JVSSIQ TR,https://www.winbond.com/resource-files/w25q64jv%20revj%2003272018%20plus.pdf,Non-Volatile,FLASH,FLASH - NOR,64Mbit,8M x 8,SPI - Quad I/O,133 MHz,3ms,,2.7V ~ 3.6V,"8-SOIC (0.209"", 5.30mm Width)"
5935,Macronix,$0.96,Active,https://www.digikey.com/en/products/detail/macronix/MX25L3233FM1Q-08Q/10326869,1 pieces in Tube for $0.96 each | 10 pieces in Tube for $0.898 each | 25 pieces in Tube for $0.8732 each | 50 pieces in Tube for $0.8544 each | 100 pieces in Tube for $0.8354 each | 480 pieces in Tube for $0.79204 each | 960 pieces in Tube for $0.77297 each | 1440 pieces in Tube for $0.76186 each | 5280 pieces in Tube for $0.72672 each |,MX25L3233FM1Q-08Q,"https://www.macronix.com/Lists/Datasheet/Attachments/8933/MX25L3233F,%203V,%2032Mb,%20v1.7.pdf",Non-Volatile,FLASH,FLASH - NOR,32Mbit,8M x 4,SPI - Quad I/O,133 MHz,"50µs, 1.2ms",,2.65V ~ 3.6V,"8-SOIC (0.154"", 3.90mm Width)"
3076,"ISSI, Integrated Silicon Solution Inc",$0.96,Active,https://www.digikey.com/en/products/detail/issi-integrated-silicon-solution-inc/IS25LP032D-JNLE/6624234,1 pieces in Tube for $0.96 each | 10 pieces in Tube for $0.904 each | 25 pieces in Tube for $0.8788 each | 50 pieces in Tube for $0.8598 each | 100 pieces in Tube for $0.8406 each | 300 pieces in Tube for $0.81 each | 500 pieces in Tube for $0.7958 each | 1000 pieces in Tube for $0.7766 each | 5000 pieces in Tube for $0.73266 each |,IS25LP032D-JNLE,https://www.issi.com/WW/pdf/25LP-WP032D.pdf,Non-Volatile,FLASH,FLASH - NOR,32Mbit,4M x 8,"SPI - Quad I/O, QPI, DTR",133 MHz,800µs,,2.3V ~ 3.6V,"8-SOIC (0.154"", 3.90mm Width)"
1131,"ISSI, Integrated Silicon Solution Inc",$0.96,Active,https://www.digikey.com/en/products/detail/issi-integrated-silicon-solution-inc/IS25LP032D-JBLE/6624233,1 pieces in Tube for $0.96 each | 10 pieces in Tube for $0.904 each | 25 pieces in Tube for $0.8788 each | 90 pieces in Tube for $0.84344 each | 180 pieces in Tube for $0.82422 each | 270 pieces in Tube for $0.81293 each | 540 pieces in Tube for $0.79367 each | 1080 pieces in Tube for $0.77447 each | 5040 pieces in Tube for $0.73244 each |,IS25LP032D-JBLE,https://www.issi.com/WW/pdf/25LP-WP032D.pdf,Non-Volatile,FLASH,FLASH - NOR,32Mbit,4M x 8,"SPI - Quad I/O, QPI, DTR",133 MHz,800µs,,2.3V ~ 3.6V,"8-SOIC (0.209"", 5.30mm Width)"
605,On Shore Technology Inc.,$1.0,Active,https://www.digikey.com/en/products/detail/on-shore-technology-inc/SA203000/3313532,1 pieces in Tube for $1.0 each | 24 pieces in Tube for $0.79875 each | 48 pieces in Tube for $0.76063 each | 72 pieces in Tube for $0.73917 each | 120 pieces in Tube for $0.713 each | 264 pieces in Tube for $0.67436 each | 504 pieces in Tube for $0.64425 each | 1008 pieces in Tube for $0.61348 each | 2520 pieces in Tube for $0.57507 each |,SA203000,http://www.on-shore.com/wp-content/uploads/2015/09/SAXXX0X0.pdf,,,,,,,,,,,
8160,Winbond Electronics,$1.01,Active,https://www.digikey.com/en/products/detail/winbond-electronics/W25Q32JWUUIQTR/12143360,5000 pieces in Tape & Reel (TR) for $0.7923 each | 10000 pieces in Tape & Reel (TR) for $0.77227 each | 1 pieces in Cut Tape (CT) for $1.01 each | 10 pieces in Cut Tape (CT) for $0.949 each | 25 pieces in Cut Tape (CT) for $0.9232 each | 50 pieces in Cut Tape (CT) for $0.903 each | 100 pieces in Cut Tape (CT) for $0.8828 each | 250 pieces in Cut Tape (CT) for $0.85596 each | 500 pieces in Cut Tape (CT) for $0.83566 each | 1000 pieces in Cut Tape (CT) for $0.81544 each | 1 pieces in Digi-Reel® for $1.01 each | 10 pieces in Digi-Reel® for $0.949 each | 25 pieces in Digi-Reel® for $0.9232 each | 50 pieces in Digi-Reel® for $0.903 each | 100 pieces in Digi-Reel® for $0.8828 each | 250 pieces in Digi-Reel® for $0.85596 each | 500 pieces in Digi-Reel® for $0.83566 each | 1000 pieces in Digi-Reel® for $0.81544 each |,W25Q32JWUUIQTR,https://www.winbond.com/resource-files/W25Q32JW%20SPI%20RevH%2003172020%20Plus.pdf,Non-Volatile,FLASH,FLASH - NOR,32Mbit,4M x 8,SPI - Quad I/O,133 MHz,5ms,,1.7V ~ 1.95V,8-UFDFN Exposed Pad
109425,Macronix,$1.02,Not For New Designs,https://www.digikey.com/en/products/detail/macronix/MX25L3206EM2I-12G/2744815,1 pieces in Tube for $1.02 each | 10 pieces in Tube for $0.959 each | 25 pieces in Tube for $0.9328 each | 92 pieces in Tube for $0.89457 each | 184 pieces in Tube for $0.87408 each | 276 pieces in Tube for $0.8621 each | 552 pieces in Tube for $0.84159 each | 1012 pieces in Tube for $0.82375 each | 5060 pieces in Tube for $0.77707 each |,MX25L3206EM2I-12G,"https://www.macronix.com/Lists/Datasheet/Attachments/8616/MX25L3206E,%203V,%2032Mb,%20v1.5.pdf",Non-Volatile,FLASH,FLASH - NOR,32Mbit,4M x 8,SPI,86 MHz,"50µs, 3ms",,2.7V ~ 3.6V,"8-SOIC (0.209"", 5.30mm Width)"
39338,Macronix,$1.06,Active,https://www.digikey.com/en/products/detail/macronix/MX25L6433FZNI-08G/7915005,1 pieces in Tray for $1.06 each | 10 pieces in Tray for $0.996 each | 25 pieces in Tray for $0.9688 each | 50 pieces in Tray for $0.9476 each | 100 pieces in Tray for $0.9264 each | 250 pieces in Tray for $0.89824 each | 570 pieces in Tray for $0.87289 each | 1140 pieces in Tray for $0.8517 each | 5130 pieces in Tray for $0.80641 each |,MX25L6433FZNI-08G,None,Non-Volatile,FLASH,FLASH - NOR,64Mbit,8M x 8,SPI - Quad I/O,133 MHz,"50µs, 1.2ms",,2.65V ~ 3.6V,8-WDFN Exposed Pad
13682,Macronix,$1.06,Not For New Designs,https://www.digikey.com/en/products/detail/macronix/MX25R3235FZNIL0/6558606,1 pieces in Tray for $1.06 each | 10 pieces in Tray for $0.996 each | 25 pieces in Tray for $0.9688 each | 50 pieces in Tray for $0.9476 each | 100 pieces in Tray for $0.9264 each | 250 pieces in Tray for $0.89824 each | 570 pieces in Tray for $0.87289 each | 1140 pieces in Tray for $0.8517 each | 5130 pieces in Tray for $0.80641 each |,MX25R3235FZNIL0,"https://www.macronix.com/Lists/Datasheet/Attachments/8755/MX25R3235F,%20Wide%20Range,%2032Mb,%20v1.8.pdf",Non-Volatile,FLASH,FLASH - NOR,32Mbit,4M x 8,SPI - Quad I/O,33 MHz,"100µs, 10ms",,1.65V ~ 3.6V,8-WDFN Exposed Pad
9348,GCT,$1.06,Active,https://www.digikey.com/en/products/detail/gct/MEM2067-02-180-00-A/9859613,1000 pieces in Tape & Reel (TR) for $0.65231 each | 2000 pieces in Tape & Reel (TR) for $0.62118 each | 3000 pieces in Tape & Reel (TR) for $0.60366 each | 5000 pieces in Tape & Reel (TR) for $0.58231 each | 7000 pieces in Tape & Reel (TR) for $0.56865 each | 10000 pieces in Tape & Reel (TR) for $0.55453 each | 1 pieces in Cut Tape (CT) for $1.06 each | 10 pieces in Cut Tape (CT) for $0.903 each | 25 pieces in Cut Tape (CT) for $0.8464 each | 50 pieces in Cut Tape (CT) for $0.806 each | 100 pieces in Cut Tape (CT) for $0.7675 each | 250 pieces in Cut Tape (CT) for $0.7194 each | 500 pieces in Cut Tape (CT) for $0.68502 each | 1 pieces in Digi-Reel® for $1.06 each | 10 pieces in Digi-Reel® for $0.903 each | 25 pieces in Digi-Reel® for $0.8464 each | 50 pieces in Digi-Reel® for $0.806 each | 100 pieces in Digi-Reel® for $0.7675 each | 250 pieces in Digi-Reel® for $0.7194 each | 500 pieces in Digi-Reel® for $0.68502 each |,MEM2067-02-180-00-A,https://gct.co/files/specs/mem2067-spec.pdf,,,,,,,,,,,
7243,Macronix,$1.06,Active,https://www.digikey.com/en/products/detail/macronix/MX25L6433FZ2I-08G/7915004,1 pieces in Tray for $1.06 each | 10 pieces in Tray for $0.996 each | 25 pieces in Tray for $0.9688 each | 50 pieces in Tray for $0.9476 each | 100 pieces in Tray for $0.9264 each | 480 pieces in Tray for $0.87817 each | 960 pieces in Tray for $0.85695 each | 1440 pieces in Tray for $0.8446 each | 5280 pieces in Tray for $0.80556 each |,MX25L6433FZ2I-08G,None,Non-Volatile,FLASH,FLASH - NOR,64Mbit,8M x 8,SPI - Quad I/O,133 MHz,"50µs, 1.2ms",,2.65V ~ 3.6V,8-WDFN Exposed Pad
4168,Renesas Electronics Corporation,$1.11,Active,https://www.digikey.com/en/products/detail/renesas-electronics-corporation/AT25SF641B-SHB-T/11307543,2000 pieces in Tape & Reel (TR) for $0.8961 each | 4000 pieces in Tape & Reel (TR) for $0.87371 each | 6000 pieces in Tape & Reel (TR) for $0.86076 each | 10000 pieces in Tape & Reel (TR) for $0.84464 each | 1 pieces in Cut Tape (CT) for $1.11 each | 10 pieces in Cut Tape (CT) for $1.039 each | 25 pieces in Cut Tape (CT) for $1.0104 each | 50 pieces in Cut Tape (CT) for $0.9882 each | 100 pieces in Cut Tape (CT) for $0.9659 each | 250 pieces in Cut Tape (CT) for $0.93644 each | 500 pieces in Cut Tape (CT) for $0.91416 each | 1000 pieces in Cut Tape (CT) for $0.89198 each | 1 pieces in Digi-Reel® for $1.11 each | 10 pieces in Digi-Reel® for $1.039 each | 25 pieces in Digi-Reel® for $1.0104 each | 50 pieces in Digi-Reel® for $0.9882 each | 100 pieces in Digi-Reel® for $0.9659 each | 250 pieces in Digi-Reel® for $0.93644 each | 500 pieces in Digi-Reel® for $0.91416 each | 1000 pieces in Digi-Reel® for $0.89198 each |,AT25SF641B-SHB-T,https://www.renesas.com/us/en/document/dst/at25sf641b-datasheet,Non-Volatile,FLASH,FLASH - NOR,64Mbit,8M x 8,SPI - Quad I/O,108 MHz,"50µs, 3ms",,2.7V ~ 3.6V,"8-SOIC (0.209"", 5.30mm Width)"
2218,GCT,$1.11,Active,https://www.digikey.com/en/products/detail/gct/MEM2052-00-195-00-A/18091687,1000 pieces in Tape & Reel (TR) for $0.68031 each | 2000 pieces in Tape & Reel (TR) for $0.64784 each | 3000 pieces in Tape & Reel (TR) for $0.62957 each | 5000 pieces in Tape & Reel (TR) for $0.6073 each | 7000 pieces in Tape & Reel (TR) for $0.59306 each | 10000 pieces in Tape & Reel (TR) for $0.57833 each | 1 pieces in Cut Tape (CT) for $1.11 each | 10 pieces in Cut Tape (CT) for $0.942 each | 25 pieces in Cut Tape (CT) for $0.8828 each | 50 pieces in Cut Tape (CT) for $0.8406 each | 100 pieces in Cut Tape (CT) for $0.8004 each | 250 pieces in Cut Tape (CT) for $0.75024 each | 500 pieces in Cut Tape (CT) for $0.71442 each | 1 pieces in Digi-Reel® for $1.11 each | 10 pieces in Digi-Reel® for $0.942 each | 25 pieces in Digi-Reel® for $0.8828 each | 50 pieces in Digi-Reel® for $0.8406 each | 100 pieces in Digi-Reel® for $0.8004 each | 250 pieces in Digi-Reel® for $0.75024 each | 500 pieces in Digi-Reel® for $0.71442 each |,MEM2052-00-195-00-A,https://gct.co/files/specs/mem2052-spec.pdf,,,,,,,,,,,
2223,Microchip Technology,$1.12,Active,https://www.digikey.com/en/products/detail/microchip-technology/SST25VF040B-50-4I-SAE/4740882,1 pieces in Tube for $1.12 each | 25 pieces in Tube for $1.08 each | 100 pieces in Tube for $1.04 each |,SST25VF040B-50-4I-SAE,https://ww1.microchip.com/downloads/en/DeviceDoc/20005051E.pdf,Non-Volatile,FLASH,FLASH,4Mbit,512K x 8,SPI,50 MHz,10µs,,2.7V ~ 3.6V,"8-SOIC (0.154"", 3.90mm Width)"
36000,Winbond Electronics,$1.14,Active,https://www.digikey.com/en/products/detail/winbond-electronics/W25Q64JVSSIQ/5803992,1 pieces in Tube for $1.14 each | 10 pieces in Tube for $1.07 each | 25 pieces in Tube for $1.0404 each | 90 pieces in Tube for $0.99844 each | 180 pieces in Tube for $0.97544 each | 270 pieces in Tube for $0.962 each | 540 pieces in Tube for $0.93904 each | 1080 pieces in Tube for $0.91622 each | 5040 pieces in Tube for $0.86631 each |,W25Q64JVSSIQ,https://www.winbond.com/resource-files/w25q64jv%20revj%2003272018%20plus.pdf,Non-Volatile,FLASH,FLASH - NOR,64Mbit,8M x 8,SPI - Quad I/O,133 MHz,3ms,,2.7V ~ 3.6V,"8-SOIC (0.209"", 5.30mm Width)"
18418,Infineon Technologies,$1.17,Active,https://www.digikey.com/en/products/detail/infineon-technologies/S25FL064LABNFI043/7034907,6000 pieces in Tape & Reel (TR) for $0.90488 each | 1 pieces in Cut Tape (CT) for $1.17 each | 10 pieces in Cut Tape (CT) for $1.093 each | 25 pieces in Cut Tape (CT) for $1.0624 each | 50 pieces in Cut Tape (CT) for $1.0392 each | 100 pieces in Cut Tape (CT) for $1.0157 each | 250 pieces in Cut Tape (CT) for $0.9846 each | 500 pieces in Cut Tape (CT) for $0.96112 each | 1000 pieces in Cut Tape (CT) for $0.93778 each | 1 pieces in Digi-Reel® for $1.17 each | 10 pieces in Digi-Reel® for $1.093 each | 25 pieces in Digi-Reel® for $1.0624 each | 50 pieces in Digi-Reel® for $1.0392 each | 100 pieces in Digi-Reel® for $1.0157 each | 250 pieces in Digi-Reel® for $0.9846 each | 500 pieces in Digi-Reel® for $0.96112 each | 1000 pieces in Digi-Reel® for $0.93778 each |,S25FL064LABNFI043,//mm.digikey.com/Volume0/opasdata/d220001/medias/docus/7160/INFN-S-A0017271261-1.pdf,Non-Volatile,FLASH,FLASH - NOR,64Mbit,8M x 8,"SPI - Quad I/O, QPI",108 MHz,-,,2.7V ~ 3.6V,8-UDFN Exposed Pad
6287,Renesas Electronics Corporation,$1.17,Active,https://www.digikey.com/en/products/detail/renesas-electronics-corporation/AT45DB021E-SSHN2B-T/3854964,4000 pieces in Tape & Reel (TR) for $0.91851 each | 8000 pieces in Tape & Reel (TR) for $0.8953 each | 1 pieces in Cut Tape (CT) for $1.17 each | 10 pieces in Cut Tape (CT) for $1.093 each | 25 pieces in Cut Tape (CT) for $1.0624 each | 50 pieces in Cut Tape (CT) for $1.0392 each | 100 pieces in Cut Tape (CT) for $1.0157 each | 250 pieces in Cut Tape (CT) for $0.9846 each | 500 pieces in Cut Tape (CT) for $0.96112 each | 1000 pieces in Cut Tape (CT) for $0.93778 each | 1 pieces in Digi-Reel® for $1.17 each | 10 pieces in Digi-Reel® for $1.093 each | 25 pieces in Digi-Reel® for $1.0624 each | 50 pieces in Digi-Reel® for $1.0392 each | 100 pieces in Digi-Reel® for $1.0157 each | 250 pieces in Digi-Reel® for $0.9846 each | 500 pieces in Digi-Reel® for $0.96112 each | 1000 pieces in Digi-Reel® for $0.93778 each |,AT45DB021E-SSHN2B-T,https://www.renesas.com/us/en/document/dst/at45db021e-datasheet?r=1608891,Non-Volatile,FLASH,FLASH,2Mbit,256 Bytes x 1024 pages,SPI,70 MHz,"8µs, 3ms",,1.65V ~ 3.6V,"8-SOIC (0.154"", 3.90mm Width)"
5564,Renesas Electronics Corporation,$1.17,Active,https://www.digikey.com/en/products/detail/renesas-electronics-corporation/AT45DB021E-SSHN-T/3854965,4000 pieces in Tape & Reel (TR) for $0.91851 each | 8000 pieces in Tape & Reel (TR) for $0.8953 each | 1 pieces in Cut Tape (CT) for $1.17 each | 10 pieces in Cut Tape (CT) for $1.094 each | 25 pieces in Cut Tape (CT) for $1.064 each | 50 pieces in Cut Tape (CT) for $1.0406 each | 100 pieces in Cut Tape (CT) for $1.017 each | 250 pieces in Cut Tape (CT) for $0.98592 each | 500 pieces in Cut Tape (CT) for $0.96242 each | 1000 pieces in Cut Tape (CT) for $0.93904 each | 1 pieces in Digi-Reel® for $1.17 each | 10 pieces in Digi-Reel® for $1.094 each | 25 pieces in Digi-Reel® for $1.064 each | 50 pieces in Digi-Reel® for $1.0406 each | 100 pieces in Digi-Reel® for $1.017 each | 250 pieces in Digi-Reel® for $0.98592 each | 500 pieces in Digi-Reel® for $0.96242 each | 1000 pieces in Digi-Reel® for $0.93904 each |,AT45DB021E-SSHN-T,https://www.renesas.com/us/en/document/dst/at45db021e-datasheet?r=1608891,Non-Volatile,FLASH,FLASH,2Mbit,264 Bytes x 1024 pages,SPI,70 MHz,"8µs, 3ms",,1.65V ~ 3.6V,"8-SOIC (0.154"", 3.90mm Width)"
359,Renesas Electronics Corporation,$1.17,Active,https://www.digikey.com/en/products/detail/renesas-electronics-corporation/AT25PE20-SSHN-T/8021931,4000 pieces in Tape & Reel (TR) for $0.91851 each | 8000 pieces in Tape & Reel (TR) for $0.8953 each | 1 pieces in Cut Tape (CT) for $1.17 each | 10 pieces in Cut Tape (CT) for $1.093 each | 25 pieces in Cut Tape (CT) for $1.0624 each | 50 pieces in Cut Tape (CT) for $1.0392 each | 100 pieces in Cut Tape (CT) for $1.0157 each | 250 pieces in Cut Tape (CT) for $0.9846 each | 500 pieces in Cut Tape (CT) for $0.96112 each | 1000 pieces in Cut Tape (CT) for $0.93778 each | 1 pieces in Digi-Reel® for $1.17 each | 10 pieces in Digi-Reel® for $1.093 each | 25 pieces in Digi-Reel® for $1.0624 each | 50 pieces in Digi-Reel® for $1.0392 each | 100 pieces in Digi-Reel® for $1.0157 each | 250 pieces in Digi-Reel® for $0.9846 each | 500 pieces in Digi-Reel® for $0.96112 each | 1000 pieces in Digi-Reel® for $0.93778 each |,AT25PE20-SSHN-T,https://www.renesas.com/us/en/document/dst/at25pe20-datasheet?r=1608556,Non-Volatile,FLASH,FLASH,2Mbit,256 Bytes x 1024 pages,SPI,85 MHz,"8µs, 3ms",,1.65V ~ 3.6V,"8-SOIC (0.154"", 3.90mm Width)"
3640,Winbond Electronics,$1.18,Active,https://www.digikey.com/en/products/detail/winbond-electronics/W25Q64JVZPIQ/15181953,1 pieces in Tube for $1.18 each | 10 pieces in Tube for $1.107 each | 25 pieces in Tube for $1.0764 each | 50 pieces in Tube for $1.0528 each | 100 pieces in Tube for $1.0291 each | 300 pieces in Tube for $0.99137 each | 500 pieces in Tube for $0.97384 each | 1000 pieces in Tube for $0.9502 each | 5000 pieces in Tube for $0.89619 each |,W25Q64JVZPIQ,https://www.winbond.com/resource-files/W25Q64JV%20RevK%2003102021%20Plus.pdf,Non-Volatile,FLASH,FLASH - NOR,64Mbit,8M x 8,SPI - Quad I/O,133 MHz,3ms,6 ns,2.7V ~ 3.6V,8-WDFN Exposed Pad
34393,Winbond Electronics,$1.19,Active,https://www.digikey.com/en/products/detail/winbond-electronics/W25Q64JVSSIM-TR/6613004,2000 pieces in Tape & Reel (TR) for $0.95737 each | 4000 pieces in Tape & Reel (TR) for $0.93342 each | 6000 pieces in Tape & Reel (TR) for $0.91957 each | 10000 pieces in Tape & Reel (TR) for $0.90233 each | 1 pieces in Cut Tape (CT) for $1.19 each | 10 pieces in Cut Tape (CT) for $1.111 each | 25 pieces in Cut Tape (CT) for $1.0796 each | 50 pieces in Cut Tape (CT) for $1.056 each | 100 pieces in Cut Tape (CT) for $1.0322 each | 250 pieces in Cut Tape (CT) for $1.00064 each | 500 pieces in Cut Tape (CT) for $0.97676 each | 1000 pieces in Cut Tape (CT) for $0.95302 each | 1 pieces in Digi-Reel® for $1.19 each | 10 pieces in Digi-Reel® for $1.111 each | 25 pieces in Digi-Reel® for $1.0796 each | 50 pieces in Digi-Reel® for $1.056 each | 100 pieces in Digi-Reel® for $1.0322 each | 250 pieces in Digi-Reel® for $1.00064 each | 500 pieces in Digi-Reel® for $0.97676 each | 1000 pieces in Digi-Reel® for $0.95302 each |,W25Q64JVSSIM TR,https://www.winbond.com/resource-files/w25q64jv%20revj%2003272018%20plus.pdf,Non-Volatile,FLASH,FLASH - NOR,64Mbit,8M x 8,SPI - Quad I/O,133 MHz,3ms,,2.7V ~ 3.6V,"8-SOIC (0.209"", 5.30mm Width)"
12134,Winbond Electronics,$1.2,Active,https://www.digikey.com/en/products/detail/winbond-electronics/W25Q64JVXGIM-TR/15181857,5000 pieces in Tape & Reel (TR) for $0.94055 each | 10000 pieces in Tape & Reel (TR) for $0.91673 each | 1 pieces in Cut Tape (CT) for $1.2 each | 10 pieces in Cut Tape (CT) for $1.129 each | 25 pieces in Cut Tape (CT) for $1.0972 each | 50 pieces in Cut Tape (CT) for $1.073 each | 100 pieces in Cut Tape (CT) for $1.0488 each | 250 pieces in Cut Tape (CT) for $1.01664 each | 500 pieces in Cut Tape (CT) for $0.99238 each | 1000 pieces in Cut Tape (CT) for $0.96825 each | 1 pieces in Digi-Reel® for $1.2 each | 10 pieces in Digi-Reel® for $1.129 each | 25 pieces in Digi-Reel® for $1.0972 each | 50 pieces in Digi-Reel® for $1.073 each | 100 pieces in Digi-Reel® for $1.0488 each | 250 pieces in Digi-Reel® for $1.01664 each | 500 pieces in Digi-Reel® for $0.99238 each | 1000 pieces in Digi-Reel® for $0.96825 each |,W25Q64JVXGIM TR,https://www.winbond.com/resource-files/W25Q64JV%20RevK%2003102021%20Plus.pdf,Non-Volatile,FLASH,FLASH - NOR,64Mbit,8M x 8,SPI - Quad I/O,133 MHz,3ms,6 ns,2.7V ~ 3.6V,8-XDFN Exposed Pad
9120,Winbond Electronics,$1.2,Active,https://www.digikey.com/en/products/detail/winbond-electronics/W25Q64JVZPIQ-TR/5803999,5000 pieces in Tape & Reel (TR) for $0.94055 each | 10000 pieces in Tape & Reel (TR) for $0.91673 each | 1 pieces in Cut Tape (CT) for $1.2 each | 10 pieces in Cut Tape (CT) for $1.129 each | 25 pieces in Cut Tape (CT) for $1.0972 each | 50 pieces in Cut Tape (CT) for $1.073 each | 100 pieces in Cut Tape (CT) for $1.0488 each | 250 pieces in Cut Tape (CT) for $1.01664 each | 500 pieces in Cut Tape (CT) for $0.99238 each | 1000 pieces in Cut Tape (CT) for $0.96825 each | 1 pieces in Digi-Reel® for $1.2 each | 10 pieces in Digi-Reel® for $1.129 each | 25 pieces in Digi-Reel® for $1.0972 each | 50 pieces in Digi-Reel® for $1.073 each | 100 pieces in Digi-Reel® for $1.0488 each | 250 pieces in Digi-Reel® for $1.01664 each | 500 pieces in Digi-Reel® for $0.99238 each | 1000 pieces in Digi-Reel® for $0.96825 each |,W25Q64JVZPIQ TR,https://www.winbond.com/resource-files/w25q64jv%20revj%2003272018%20plus.pdf,Non-Volatile,FLASH,FLASH - NOR,64Mbit,8M x 8,SPI - Quad I/O,133 MHz,3ms,,2.7V ~ 3.6V,8-WDFN Exposed Pad
3938,Renesas Electronics Corporation,$1.2,Active,https://www.digikey.com/en/products/detail/renesas-electronics-corporation/AT45DB021E-SHN-T/4311891,2000 pieces in Tape & Reel (TR) for $0.97266 each | 4000 pieces in Tape & Reel (TR) for $0.94831 each | 6000 pieces in Tape & Reel (TR) for $0.93425 each | 10000 pieces in Tape & Reel (TR) for $0.91673 each | 1 pieces in Cut Tape (CT) for $1.2 each | 10 pieces in Cut Tape (CT) for $1.129 each | 25 pieces in Cut Tape (CT) for $1.0972 each | 50 pieces in Cut Tape (CT) for $1.073 each | 100 pieces in Cut Tape (CT) for $1.0488 each | 250 pieces in Cut Tape (CT) for $1.01664 each | 500 pieces in Cut Tape (CT) for $0.99238 each | 1000 pieces in Cut Tape (CT) for $0.96825 each | 1 pieces in Digi-Reel® for $1.2 each | 10 pieces in Digi-Reel® for $1.129 each | 25 pieces in Digi-Reel® for $1.0972 each | 50 pieces in Digi-Reel® for $1.073 each | 100 pieces in Digi-Reel® for $1.0488 each | 250 pieces in Digi-Reel® for $1.01664 each | 500 pieces in Digi-Reel® for $0.99238 each | 1000 pieces in Digi-Reel® for $0.96825 each |,AT45DB021E-SHN-T,https://www.renesas.com/us/en/document/dst/at45db021e-datasheet?r=1608891,Non-Volatile,FLASH,FLASH,2Mbit,264 Bytes x 1024 pages,SPI,70 MHz,"8µs, 3ms",,1.65V ~ 3.6V,"8-SOIC (0.209"", 5.30mm Width)"
1006,Infineon Technologies,$1.2,Active,https://www.digikey.com/en/products/detail/infineon-technologies/S25FL064LABMFI010/7034902,1006 pieces in Tray for $1.22 each | 1 pieces in Tray for $1.2 each | 10 pieces in Tray for $1.126 each | 25 pieces in Tray for $1.0944 each | 50 pieces in Tray for $1.0702 each | 100 pieces in Tray for $1.0461 each | 280 pieces in Tray for $1.01018 each | 560 pieces in Tray for $0.98602 each | 1120 pieces in Tray for $0.96199 each | 5040 pieces in Tray for $0.91072 each |,S25FL064LABMFI010,//mm.digikey.com/Volume0/opasdata/d220001/medias/docus/7160/INFN-S-A0017271261-1.pdf,Non-Volatile,FLASH,FLASH - NOR,64Mbit,8M x 8,"SPI - Quad I/O, QPI",108 MHz,-,,2.7V ~ 3.6V,"8-SOIC (0.209"", 5.30mm Width)"
31382,Renesas Electronics Corporation,$1.22,Active,https://www.digikey.com/en/products/detail/renesas-electronics-corporation/AT45DB041E-SSHN-T/4311888,4000 pieces in Tape & Reel (TR) for $0.9632 each | 8000 pieces in Tape & Reel (TR) for $0.93885 each | 1 pieces in Cut Tape (CT) for $1.22 each | 10 pieces in Cut Tape (CT) for $1.146 each | 25 pieces in Cut Tape (CT) for $1.1144 each | 50 pieces in Cut Tape (CT) for $1.09 each | 100 pieces in Cut Tape (CT) for $1.0653 each | 250 pieces in Cut Tape (CT) for $1.03264 each | 500 pieces in Cut Tape (CT) for $1.00798 each | 1000 pieces in Cut Tape (CT) for $0.98346 each | 1 pieces in Digi-Reel® for $1.22 each | 10 pieces in Digi-Reel® for $1.146 each | 25 pieces in Digi-Reel® for $1.1144 each | 50 pieces in Digi-Reel® for $1.09 each | 100 pieces in Digi-Reel® for $1.0653 each | 250 pieces in Digi-Reel® for $1.03264 each | 500 pieces in Digi-Reel® for $1.00798 each | 1000 pieces in Digi-Reel® for $0.98346 each |,AT45DB041E-SSHN-T,https://www.renesas.com/us/en/document/dst/at45db041e-datasheet?r=1608896,Non-Volatile,FLASH,FLASH,4Mbit,264 Bytes x 2048 pages,SPI,85 MHz,"8µs, 3ms",,1.65V ~ 3.6V,"8-SOIC (0.154"", 3.90mm Width)"
5654,Renesas Electronics Corporation,$1.22,Active,https://www.digikey.com/en/products/detail/renesas-electronics-corporation/AT45DB041E-SSHN2B-T/4311889,4000 pieces in Tape & Reel (TR) for $0.9632 each | 8000 pieces in Tape & Reel (TR) for $0.93885 each | 1 pieces in Cut Tape (CT) for $1.22 each | 10 pieces in Cut Tape (CT) for $1.147 each | 25 pieces in Cut Tape (CT) for $1.1152 each | 50 pieces in Cut Tape (CT) for $1.0908 each | 100 pieces in Cut Tape (CT) for $1.0661 each | 250 pieces in Cut Tape (CT) for $1.03336 each | 500 pieces in Cut Tape (CT) for $1.0087 each | 1000 pieces in Cut Tape (CT) for $0.98417 each | 1 pieces in Digi-Reel® for $1.22 each | 10 pieces in Digi-Reel® for $1.147 each | 25 pieces in Digi-Reel® for $1.1152 each | 50 pieces in Digi-Reel® for $1.0908 each | 100 pieces in Digi-Reel® for $1.0661 each | 250 pieces in Digi-Reel® for $1.03336 each | 500 pieces in Digi-Reel® for $1.0087 each | 1000 pieces in Digi-Reel® for $0.98417 each |,AT45DB041E-SSHN2B-T,https://www.renesas.com/us/en/document/dst/at45db041e-datasheet?r=1608896,Non-Volatile,FLASH,FLASH,4Mbit,256 Bytes x 2048 pages,SPI,85 MHz,"8µs, 3ms",,1.65V ~ 3.6V,"8-SOIC (0.154"", 3.90mm Width)"
20865,GCT,$1.23,Active,https://www.digikey.com/en/products/detail/gct/SIM8066-6-1-14-01-A/14305253,1500 pieces in Tape & Reel (TR) for $0.73222 each | 3000 pieces in Tape & Reel (TR) for $0.69729 each | 4500 pieces in Tape & Reel (TR) for $0.67763 each | 7500 pieces in Tape & Reel (TR) for $0.65366 each | 10500 pieces in Tape & Reel (TR) for $0.63835 each | 15000 pieces in Tape & Reel (TR) for $0.6225 each | 1 pieces in Cut Tape (CT) for $1.23 each | 10 pieces in Cut Tape (CT) for $1.043 each | 25 pieces in Cut Tape (CT) for $0.9776 each | 50 pieces in Cut Tape (CT) for $0.931 each | 100 pieces in Cut Tape (CT) for $0.8865 each | 250 pieces in Cut Tape (CT) for $0.83092 each | 500 pieces in Cut Tape (CT) for $0.79124 each | 1 pieces in Digi-Reel® for $1.23 each | 10 pieces in Digi-Reel® for $1.043 each | 25 pieces in Digi-Reel® for $0.9776 each | 50 pieces in Digi-Reel® for $0.931 each | 100 pieces in Digi-Reel® for $0.8865 each | 250 pieces in Digi-Reel® for $0.83092 each | 500 pieces in Digi-Reel® for $0.79124 each |,SIM8066-6-1-14-01-A,https://gct.co/files/specs/sim8066-spec.pdf,,,,,,,,,,,
